review_id,viewer_id,movie_id,star_rating,review_date,month,sentiment,helpful_votes
R00001,V0107,M0137,4,2023-01-01,2023-01-01,Positive,70
R00002,V0069,M0083,3,2023-01-01,2023-01-01,Neutral,184
R00003,V0097,M0055,3,2023-01-02,2023-01-01,Neutral,133
R00004,V0212,M0110,4,2023-01-03,2023-01-01,Positive,176
R00005,V0286,M0116,2,2023-01-03,2023-01-01,Negative,21
R00006,V0237,M0147,3,2023-01-04,2023-01-01,Neutral,76
R00007,V0008,M0062,5,2023-01-05,2023-01-01,Positive,3
R00008,V0294,M0087,3,2023-01-06,2023-01-01,Neutral,71
R00009,V0189,M0167,4,2023-01-06,2023-01-01,Positive,191
R00010,V0081,M0100,5,2023-01-07,2023-01-01,Positive,164
R00011,V0108,M0027,3,2023-01-08,2023-01-01,Neutral,158
R00012,V0321,M0174,4,2023-01-09,2023-01-01,Positive,164
R00013,V0067,M0034,4,2023-01-09,2023-01-01,Positive,127
R00014,V0174,M0033,5,2023-01-10,2023-01-01,Positive,44
R00015,V0346,M0092,5,2023-01-11,2023-01-01,Positive,135
R00016,V0351,M0096,5,2023-01-11,2023-01-01,Positive,167
R00017,V0328,M0178,5,2023-01-12,2023-01-01,Positive,92
R00018,V0043,M0148,3,2023-01-13,2023-01-01,Neutral,4
R00019,V0187,M0168,1,2023-01-14,2023-01-01,Negative,155
R00020,V0302,M0095,4,2023-01-14,2023-01-01,Positive,103
R00021,V0200,M0186,2,2023-01-15,2023-01-01,Negative,80
R00022,V0381,M0159,5,2023-01-16,2023-01-01,Positive,86
R00023,V0419,M0038,4,2023-01-17,2023-01-01,Positive,136
R00024,V0039,M0173,1,2023-01-17,2023-01-01,Negative,129
R00025,V0220,M0041,5,2023-01-18,2023-01-01,Positive,62
R00026,V0307,M0137,3,2023-01-19,2023-01-01,Neutral,50
R00027,V0004,M0137,4,2023-01-19,2023-01-01,Positive,115
R00028,V0121,M0191,4,2023-01-20,2023-01-01,Positive,112
R00029,V0336,M0079,4,2023-01-21,2023-01-01,Positive,30
R00030,V0077,M0128,4,2023-01-22,2023-01-01,Positive,6
R00031,V0468,M0022,2,2023-01-22,2023-01-01,Negative,157
R00032,V0179,M0016,4,2023-01-23,2023-01-01,Positive,185
R00033,V0133,M0032,5,2023-01-24,2023-01-01,Positive,2
R00034,V0311,M0194,5,2023-01-25,2023-01-01,Positive,50
R00035,V0229,M0142,4,2023-01-25,2023-01-01,Positive,55
R00036,V0276,M0038,4,2023-01-26,2023-01-01,Positive,72
R00037,V0152,M0098,5,2023-01-27,2023-01-01,Positive,9
R00038,V0164,M0136,5,2023-01-28,2023-01-01,Positive,60
R00039,V0290,M0021,3,2023-01-28,2023-01-01,Neutral,49
R00040,V0378,M0056,4,2023-01-29,2023-01-01,Positive,121
R00041,V0109,M0046,5,2023-01-30,2023-01-01,Positive,174
R00042,V0126,M0043,4,2023-01-30,2023-01-01,Positive,0
R00043,V0240,M0120,2,2023-01-31,2023-01-01,Negative,184
R00044,V0310,M0046,4,2023-02-01,2023-02-01,Positive,37
R00045,V0418,M0048,3,2023-02-02,2023-02-01,Neutral,189
R00046,V0467,M0198,4,2023-02-02,2023-02-01,Positive,78
R00047,V0401,M0084,4,2023-02-03,2023-02-01,Positive,88
R00048,V0389,M0031,5,2023-02-04,2023-02-01,Positive,197
R00049,V0345,M0161,4,2023-02-05,2023-02-01,Positive,81
R00050,V0146,M0172,3,2023-02-05,2023-02-01,Neutral,192
R00051,V0252,M0071,3,2023-02-06,2023-02-01,Neutral,189
R00052,V0183,M0008,5,2023-02-07,2023-02-01,Positive,183
R00053,V0309,M0130,3,2023-02-07,2023-02-01,Neutral,66
R00054,V0306,M0145,4,2023-02-08,2023-02-01,Positive,16
R00055,V0072,M0052,3,2023-02-09,2023-02-01,Neutral,126
R00056,V0219,M0045,5,2023-02-10,2023-02-01,Positive,111
R00057,V0207,M0037,4,2023-02-10,2023-02-01,Positive,135
R00058,V0173,M0170,4,2023-02-11,2023-02-01,Positive,59
R00059,V0141,M0044,4,2023-02-12,2023-02-01,Positive,39
R00060,V0272,M0117,5,2023-02-13,2023-02-01,Positive,88
R00061,V0214,M0038,4,2023-02-13,2023-02-01,Positive,189
R00062,V0468,M0099,5,2023-02-14,2023-02-01,Positive,40
R00063,V0269,M0124,5,2023-02-15,2023-02-01,Positive,139
R00064,V0020,M0006,5,2023-02-16,2023-02-01,Positive,114
R00065,V0066,M0068,3,2023-02-16,2023-02-01,Neutral,99
R00066,V0483,M0179,5,2023-02-17,2023-02-01,Positive,116
R00067,V0303,M0101,1,2023-02-18,2023-02-01,Negative,181
R00068,V0147,M0163,4,2023-02-18,2023-02-01,Positive,88
R00069,V0429,M0186,5,2023-02-19,2023-02-01,Positive,92
R00070,V0165,M0185,3,2023-02-20,2023-02-01,Neutral,138
R00071,V0378,M0134,3,2023-02-21,2023-02-01,Neutral,59
R00072,V0310,M0013,3,2023-02-21,2023-02-01,Neutral,67
R00073,V0006,M0187,4,2023-02-22,2023-02-01,Positive,77
R00074,V0014,M0030,4,2023-02-23,2023-02-01,Positive,45
R00075,V0132,M0100,5,2023-02-24,2023-02-01,Positive,37
R00076,V0342,M0002,5,2023-02-24,2023-02-01,Positive,188
R00077,V0243,M0058,4,2023-02-25,2023-02-01,Positive,16
R00078,V0439,M0036,3,2023-02-26,2023-02-01,Neutral,65
R00079,V0231,M0072,5,2023-02-26,2023-02-01,Positive,199
R00080,V0228,M0173,3,2023-02-27,2023-02-01,Neutral,35
R00081,V0162,M0137,2,2023-02-28,2023-02-01,Negative,73
R00082,V0283,M0126,2,2023-03-01,2023-03-01,Negative,6
R00083,V0263,M0193,4,2023-03-01,2023-03-01,Positive,15
R00084,V0131,M0077,2,2023-03-02,2023-03-01,Negative,13
R00085,V0431,M0050,2,2023-03-03,2023-03-01,Negative,79
R00086,V0225,M0032,3,2023-03-04,2023-03-01,Neutral,24
R00087,V0258,M0098,3,2023-03-04,2023-03-01,Neutral,104
R00088,V0234,M0043,4,2023-03-05,2023-03-01,Positive,3
R00089,V0336,M0125,5,2023-03-06,2023-03-01,Positive,156
R00090,V0409,M0095,5,2023-03-07,2023-03-01,Positive,126
R00091,V0316,M0078,3,2023-03-07,2023-03-01,Neutral,55
R00092,V0463,M0054,3,2023-03-08,2023-03-01,Neutral,5
R00093,V0024,M0047,5,2023-03-09,2023-03-01,Positive,128
R00094,V0271,M0014,1,2023-03-09,2023-03-01,Negative,166
R00095,V0095,M0176,5,2023-03-10,2023-03-01,Positive,128
R00096,V0142,M0055,3,2023-03-11,2023-03-01,Neutral,114
R00097,V0182,M0157,5,2023-03-12,2023-03-01,Positive,190
R00098,V0206,M0175,3,2023-03-12,2023-03-01,Neutral,56
R00099,V0390,M0063,4,2023-03-13,2023-03-01,Positive,194
R00100,V0462,M0019,5,2023-03-14,2023-03-01,Positive,64
R00101,V0081,M0091,4,2023-03-15,2023-03-01,Positive,64
R00102,V0274,M0137,3,2023-03-15,2023-03-01,Neutral,102
R00103,V0276,M0101,4,2023-03-16,2023-03-01,Positive,20
R00104,V0371,M0037,5,2023-03-17,2023-03-01,Positive,157
R00105,V0446,M0107,1,2023-03-17,2023-03-01,Negative,32
R00106,V0465,M0092,1,2023-03-18,2023-03-01,Negative,175
R00107,V0208,M0052,4,2023-03-19,2023-03-01,Positive,21
R00108,V0296,M0185,2,2023-03-20,2023-03-01,Negative,181
R00109,V0039,M0028,4,2023-03-20,2023-03-01,Positive,109
R00110,V0436,M0036,3,2023-03-21,2023-03-01,Neutral,3
R00111,V0288,M0116,4,2023-03-22,2023-03-01,Positive,182
R00112,V0124,M0064,3,2023-03-23,2023-03-01,Neutral,171
R00113,V0364,M0018,4,2023-03-23,2023-03-01,Positive,139
R00114,V0457,M0089,2,2023-03-24,2023-03-01,Negative,73
R00115,V0283,M0163,1,2023-03-25,2023-03-01,Negative,118
R00116,V0366,M0196,2,2023-03-26,2023-03-01,Negative,179
R00117,V0180,M0078,5,2023-03-26,2023-03-01,Positive,92
R00118,V0097,M0167,2,2023-03-27,2023-03-01,Negative,64
R00119,V0191,M0090,5,2023-03-28,2023-03-01,Positive,64
R00120,V0074,M0008,2,2023-03-28,2023-03-01,Negative,9
R00121,V0447,M0015,2,2023-03-29,2023-03-01,Negative,145
R00122,V0273,M0007,4,2023-03-30,2023-03-01,Positive,46
R00123,V0497,M0017,4,2023-03-31,2023-03-01,Positive,65
R00124,V0049,M0086,5,2023-03-31,2023-03-01,Positive,48
R00125,V0484,M0118,5,2023-04-01,2023-04-01,Positive,199
R00126,V0337,M0064,5,2023-04-02,2023-04-01,Positive,21
R00127,V0210,M0012,4,2023-04-03,2023-04-01,Positive,85
R00128,V0116,M0056,4,2023-04-03,2023-04-01,Positive,25
R00129,V0023,M0174,4,2023-04-04,2023-04-01,Positive,136
R00130,V0098,M0175,5,2023-04-05,2023-04-01,Positive,148
R00131,V0328,M0101,4,2023-04-05,2023-04-01,Positive,94
R00132,V0397,M0016,4,2023-04-06,2023-04-01,Positive,190
R00133,V0407,M0197,3,2023-04-07,2023-04-01,Neutral,106
R00134,V0313,M0002,1,2023-04-08,2023-04-01,Negative,133
R00135,V0190,M0128,5,2023-04-08,2023-04-01,Positive,13
R00136,V0182,M0092,3,2023-04-09,2023-04-01,Neutral,160
R00137,V0148,M0105,4,2023-04-10,2023-04-01,Positive,70
R00138,V0342,M0182,2,2023-04-11,2023-04-01,Negative,151
R00139,V0495,M0155,5,2023-04-11,2023-04-01,Positive,74
R00140,V0436,M0031,1,2023-04-12,2023-04-01,Negative,119
R00141,V0023,M0169,5,2023-04-13,2023-04-01,Positive,111
R00142,V0105,M0164,2,2023-04-14,2023-04-01,Negative,50
R00143,V0163,M0047,5,2023-04-14,2023-04-01,Positive,129
R00144,V0067,M0043,5,2023-04-15,2023-04-01,Positive,142
R00145,V0290,M0065,3,2023-04-16,2023-04-01,Neutral,162
R00146,V0289,M0050,4,2023-04-16,2023-04-01,Positive,35
R00147,V0046,M0001,3,2023-04-17,2023-04-01,Neutral,117
R00148,V0081,M0200,3,2023-04-18,2023-04-01,Neutral,166
R00149,V0429,M0185,5,2023-04-19,2023-04-01,Positive,3
R00150,V0147,M0144,4,2023-04-19,2023-04-01,Positive,191
R00151,V0222,M0122,4,2023-04-20,2023-04-01,Positive,5
R00152,V0343,M0028,3,2023-04-21,2023-04-01,Neutral,184
R00153,V0015,M0086,4,2023-04-22,2023-04-01,Positive,157
R00154,V0379,M0082,5,2023-04-22,2023-04-01,Positive,109
R00155,V0121,M0022,4,2023-04-23,2023-04-01,Positive,98
R00156,V0078,M0041,5,2023-04-24,2023-04-01,Positive,121
R00157,V0322,M0076,5,2023-04-24,2023-04-01,Positive,116
R00158,V0295,M0147,2,2023-04-25,2023-04-01,Negative,95
R00159,V0241,M0089,3,2023-04-26,2023-04-01,Neutral,66
R00160,V0018,M0178,5,2023-04-27,2023-04-01,Positive,119
R00161,V0256,M0059,4,2023-04-27,2023-04-01,Positive,14
R00162,V0454,M0069,1,2023-04-28,2023-04-01,Negative,16
R00163,V0443,M0162,3,2023-04-29,2023-04-01,Neutral,17
R00164,V0416,M0167,4,2023-04-30,2023-04-01,Positive,114
R00165,V0277,M0123,5,2023-04-30,2023-04-01,Positive,146
R00166,V0424,M0074,2,2023-05-01,2023-05-01,Negative,75
R00167,V0476,M0007,2,2023-05-02,2023-05-01,Negative,87
R00168,V0027,M0101,5,2023-05-03,2023-05-01,Positive,196
R00169,V0002,M0111,5,2023-05-03,2023-05-01,Positive,151
R00170,V0353,M0180,4,2023-05-04,2023-05-01,Positive,90
R00171,V0464,M0188,5,2023-05-05,2023-05-01,Positive,47
R00172,V0295,M0052,4,2023-05-05,2023-05-01,Positive,157
R00173,V0470,M0024,5,2023-05-06,2023-05-01,Positive,14
R00174,V0312,M0026,4,2023-05-07,2023-05-01,Positive,174
R00175,V0363,M0125,3,2023-05-08,2023-05-01,Neutral,122
R00176,V0383,M0090,5,2023-05-08,2023-05-01,Positive,126
R00177,V0239,M0122,4,2023-05-09,2023-05-01,Positive,171
R00178,V0013,M0010,5,2023-05-10,2023-05-01,Positive,97
R00179,V0382,M0017,3,2023-05-11,2023-05-01,Neutral,154
R00180,V0184,M0002,5,2023-05-11,2023-05-01,Positive,83
R00181,V0194,M0112,5,2023-05-12,2023-05-01,Positive,191
R00182,V0462,M0027,3,2023-05-13,2023-05-01,Neutral,40
R00183,V0056,M0071,5,2023-05-13,2023-05-01,Positive,95
R00184,V0230,M0176,4,2023-05-14,2023-05-01,Positive,67
R00185,V0489,M0118,5,2023-05-15,2023-05-01,Positive,4
R00186,V0028,M0009,4,2023-05-16,2023-05-01,Positive,52
R00187,V0320,M0086,5,2023-05-16,2023-05-01,Positive,121
R00188,V0071,M0023,4,2023-05-17,2023-05-01,Positive,135
R00189,V0210,M0199,3,2023-05-18,2023-05-01,Neutral,21
R00190,V0448,M0073,3,2023-05-19,2023-05-01,Neutral,105
R00191,V0184,M0027,4,2023-05-19,2023-05-01,Positive,6
R00192,V0425,M0093,5,2023-05-20,2023-05-01,Positive,149
R00193,V0375,M0081,4,2023-05-21,2023-05-01,Positive,45
R00194,V0356,M0084,4,2023-05-22,2023-05-01,Positive,29
R00195,V0041,M0199,3,2023-05-22,2023-05-01,Neutral,125
R00196,V0484,M0043,4,2023-05-23,2023-05-01,Positive,100
R00197,V0492,M0007,1,2023-05-24,2023-05-01,Negative,143
R00198,V0260,M0092,5,2023-05-24,2023-05-01,Positive,78
R00199,V0441,M0083,5,2023-05-25,2023-05-01,Positive,132
R00200,V0414,M0191,4,2023-05-26,2023-05-01,Positive,66
R00201,V0344,M0084,1,2023-05-27,2023-05-01,Negative,22
R00202,V0084,M0044,3,2023-05-27,2023-05-01,Neutral,188
R00203,V0046,M0167,4,2023-05-28,2023-05-01,Positive,73
R00204,V0440,M0040,4,2023-05-29,2023-05-01,Positive,4
R00205,V0159,M0135,5,2023-05-30,2023-05-01,Positive,150
R00206,V0344,M0198,3,2023-05-30,2023-05-01,Neutral,81
R00207,V0007,M0025,5,2023-05-31,2023-05-01,Positive,24
R00208,V0474,M0059,4,2023-06-01,2023-06-01,Positive,7
R00209,V0333,M0141,3,2023-06-01,2023-06-01,Neutral,148
R00210,V0438,M0103,4,2023-06-02,2023-06-01,Positive,1
R00211,V0136,M0086,2,2023-06-03,2023-06-01,Negative,21
R00212,V0183,M0112,4,2023-06-04,2023-06-01,Positive,71
R00213,V0197,M0086,5,2023-06-04,2023-06-01,Positive,86
R00214,V0172,M0098,4,2023-06-05,2023-06-01,Positive,71
R00215,V0397,M0062,5,2023-06-06,2023-06-01,Positive,67
R00216,V0349,M0008,4,2023-06-07,2023-06-01,Positive,63
R00217,V0276,M0113,3,2023-06-07,2023-06-01,Neutral,93
R00218,V0078,M0173,4,2023-06-08,2023-06-01,Positive,18
R00219,V0416,M0146,4,2023-06-09,2023-06-01,Positive,127
R00220,V0444,M0060,4,2023-06-10,2023-06-01,Positive,86
R00221,V0178,M0060,2,2023-06-10,2023-06-01,Negative,81
R00222,V0027,M0106,4,2023-06-11,2023-06-01,Positive,180
R00223,V0120,M0002,2,2023-06-12,2023-06-01,Negative,86
R00224,V0281,M0194,2,2023-06-12,2023-06-01,Negative,96
R00225,V0308,M0091,4,2023-06-13,2023-06-01,Positive,51
R00226,V0196,M0014,3,2023-06-14,2023-06-01,Neutral,174
R00227,V0277,M0048,5,2023-06-15,2023-06-01,Positive,81
R00228,V0018,M0103,4,2023-06-15,2023-06-01,Positive,181
R00229,V0295,M0056,5,2023-06-16,2023-06-01,Positive,171
R00230,V0271,M0012,4,2023-06-17,2023-06-01,Positive,96
R00231,V0053,M0055,5,2023-06-18,2023-06-01,Positive,134
R00232,V0294,M0156,3,2023-06-18,2023-06-01,Neutral,114
R00233,V0432,M0110,5,2023-06-19,2023-06-01,Positive,91
R00234,V0052,M0004,4,2023-06-20,2023-06-01,Positive,0
R00235,V0216,M0036,5,2023-06-20,2023-06-01,Positive,62
R00236,V0072,M0178,4,2023-06-21,2023-06-01,Positive,166
R00237,V0028,M0131,2,2023-06-22,2023-06-01,Negative,18
R00238,V0469,M0001,4,2023-06-23,2023-06-01,Positive,30
R00239,V0400,M0017,1,2023-06-23,2023-06-01,Negative,76
R00240,V0252,M0199,4,2023-06-24,2023-06-01,Positive,120
R00241,V0374,M0062,3,2023-06-25,2023-06-01,Neutral,23
R00242,V0400,M0048,4,2023-06-26,2023-06-01,Positive,68
R00243,V0035,M0062,5,2023-06-26,2023-06-01,Positive,192
R00244,V0401,M0069,4,2023-06-27,2023-06-01,Positive,160
R00245,V0201,M0147,5,2023-06-28,2023-06-01,Positive,58
R00246,V0249,M0103,4,2023-06-29,2023-06-01,Positive,113
R00247,V0099,M0110,4,2023-06-29,2023-06-01,Positive,160
R00248,V0308,M0162,5,2023-06-30,2023-06-01,Positive,159
R00249,V0477,M0177,5,2023-07-01,2023-07-01,Positive,186
R00250,V0487,M0175,5,2023-07-01,2023-07-01,Positive,100
R00251,V0466,M0091,3,2023-07-02,2023-07-01,Neutral,168
R00252,V0140,M0114,4,2023-07-03,2023-07-01,Positive,11
R00253,V0083,M0178,3,2023-07-04,2023-07-01,Neutral,118
R00254,V0048,M0089,4,2023-07-04,2023-07-01,Positive,138
R00255,V0278,M0154,4,2023-07-05,2023-07-01,Positive,96
R00256,V0379,M0056,5,2023-07-06,2023-07-01,Positive,146
R00257,V0248,M0078,5,2023-07-07,2023-07-01,Positive,181
R00258,V0383,M0014,4,2023-07-07,2023-07-01,Positive,56
R00259,V0177,M0025,1,2023-07-08,2023-07-01,Negative,41
R00260,V0052,M0132,5,2023-07-09,2023-07-01,Positive,97
R00261,V0079,M0032,3,2023-07-09,2023-07-01,Neutral,198
R00262,V0385,M0082,4,2023-07-10,2023-07-01,Positive,30
R00263,V0322,M0078,1,2023-07-11,2023-07-01,Negative,179
R00264,V0064,M0193,4,2023-07-12,2023-07-01,Positive,1
R00265,V0008,M0106,5,2023-07-12,2023-07-01,Positive,165
R00266,V0214,M0189,2,2023-07-13,2023-07-01,Negative,31
R00267,V0025,M0020,4,2023-07-14,2023-07-01,Positive,137
R00268,V0450,M0074,3,2023-07-15,2023-07-01,Neutral,104
R00269,V0256,M0010,5,2023-07-15,2023-07-01,Positive,135
R00270,V0243,M0123,5,2023-07-16,2023-07-01,Positive,74
R00271,V0457,M0034,3,2023-07-17,2023-07-01,Neutral,104
R00272,V0457,M0189,2,2023-07-18,2023-07-01,Negative,147
R00273,V0461,M0155,4,2023-07-18,2023-07-01,Positive,147
R00274,V0198,M0040,3,2023-07-19,2023-07-01,Neutral,126
R00275,V0094,M0193,4,2023-07-20,2023-07-01,Positive,8
R00276,V0207,M0127,1,2023-07-20,2023-07-01,Negative,199
R00277,V0435,M0033,2,2023-07-21,2023-07-01,Negative,14
R00278,V0437,M0196,4,2023-07-22,2023-07-01,Positive,96
R00279,V0015,M0071,3,2023-07-23,2023-07-01,Neutral,104
R00280,V0178,M0137,5,2023-07-23,2023-07-01,Positive,62
R00281,V0455,M0144,2,2023-07-24,2023-07-01,Negative,20
R00282,V0378,M0133,3,2023-07-25,2023-07-01,Neutral,4
R00283,V0075,M0098,5,2023-07-26,2023-07-01,Positive,124
R00284,V0104,M0124,4,2023-07-26,2023-07-01,Positive,162
R00285,V0294,M0151,5,2023-07-27,2023-07-01,Positive,84
R00286,V0168,M0043,3,2023-07-28,2023-07-01,Neutral,195
R00287,V0450,M0114,4,2023-07-28,2023-07-01,Positive,112
R00288,V0115,M0089,5,2023-07-29,2023-07-01,Positive,175
R00289,V0496,M0185,3,2023-07-30,2023-07-01,Neutral,79
R00290,V0039,M0179,5,2023-07-31,2023-07-01,Positive,189
R00291,V0458,M0013,4,2023-07-31,2023-07-01,Positive,115
R00292,V0364,M0128,4,2023-08-01,2023-08-01,Positive,162
R00293,V0273,M0152,4,2023-08-02,2023-08-01,Positive,197
R00294,V0135,M0139,4,2023-08-03,2023-08-01,Positive,96
R00295,V0374,M0052,3,2023-08-03,2023-08-01,Neutral,20
R00296,V0232,M0017,4,2023-08-04,2023-08-01,Positive,79
R00297,V0039,M0165,3,2023-08-05,2023-08-01,Neutral,38
R00298,V0452,M0013,4,2023-08-06,2023-08-01,Positive,161
R00299,V0291,M0190,5,2023-08-06,2023-08-01,Positive,120
R00300,V0307,M0084,4,2023-08-07,2023-08-01,Positive,123
R00301,V0047,M0097,5,2023-08-08,2023-08-01,Positive,142
R00302,V0036,M0106,3,2023-08-08,2023-08-01,Neutral,5
R00303,V0320,M0096,4,2023-08-09,2023-08-01,Positive,193
R00304,V0095,M0008,5,2023-08-10,2023-08-01,Positive,55
R00305,V0473,M0056,4,2023-08-11,2023-08-01,Positive,48
R00306,V0361,M0104,4,2023-08-11,2023-08-01,Positive,91
R00307,V0013,M0083,2,2023-08-12,2023-08-01,Negative,128
R00308,V0146,M0198,4,2023-08-13,2023-08-01,Positive,64
R00309,V0405,M0044,3,2023-08-14,2023-08-01,Neutral,27
R00310,V0368,M0188,5,2023-08-14,2023-08-01,Positive,99
R00311,V0065,M0103,3,2023-08-15,2023-08-01,Neutral,147
R00312,V0228,M0112,5,2023-08-16,2023-08-01,Positive,175
R00313,V0242,M0169,4,2023-08-16,2023-08-01,Positive,71
R00314,V0008,M0149,3,2023-08-17,2023-08-01,Neutral,64
R00315,V0500,M0042,4,2023-08-18,2023-08-01,Positive,50
R00316,V0304,M0157,5,2023-08-19,2023-08-01,Positive,170
R00317,V0341,M0193,5,2023-08-19,2023-08-01,Positive,48
R00318,V0043,M0145,3,2023-08-20,2023-08-01,Neutral,152
R00319,V0244,M0030,3,2023-08-21,2023-08-01,Neutral,73
R00320,V0181,M0026,3,2023-08-22,2023-08-01,Neutral,168
R00321,V0085,M0181,1,2023-08-22,2023-08-01,Negative,198
R00322,V0155,M0125,4,2023-08-23,2023-08-01,Positive,191
R00323,V0275,M0019,5,2023-08-24,2023-08-01,Positive,188
R00324,V0023,M0053,4,2023-08-25,2023-08-01,Positive,11
R00325,V0115,M0085,5,2023-08-25,2023-08-01,Positive,103
R00326,V0306,M0017,4,2023-08-26,2023-08-01,Positive,80
R00327,V0435,M0174,4,2023-08-27,2023-08-01,Positive,196
R00328,V0299,M0104,2,2023-08-27,2023-08-01,Negative,126
R00329,V0099,M0181,5,2023-08-28,2023-08-01,Positive,13
R00330,V0104,M0105,5,2023-08-29,2023-08-01,Positive,33
R00331,V0372,M0104,4,2023-08-30,2023-08-01,Positive,47
R00332,V0051,M0192,1,2023-08-30,2023-08-01,Negative,60
R00333,V0362,M0173,3,2023-08-31,2023-08-01,Neutral,34
R00334,V0112,M0177,2,2023-09-01,2023-09-01,Negative,118
R00335,V0453,M0147,4,2023-09-02,2023-09-01,Positive,64
R00336,V0244,M0124,5,2023-09-02,2023-09-01,Positive,58
R00337,V0169,M0199,2,2023-09-03,2023-09-01,Negative,35
R00338,V0072,M0081,5,2023-09-04,2023-09-01,Positive,146
R00339,V0139,M0193,4,2023-09-04,2023-09-01,Positive,41
R00340,V0336,M0037,4,2023-09-05,2023-09-01,Positive,68
R00341,V0231,M0121,5,2023-09-06,2023-09-01,Positive,146
R00342,V0239,M0070,2,2023-09-07,2023-09-01,Negative,106
R00343,V0472,M0154,5,2023-09-07,2023-09-01,Positive,38
R00344,V0253,M0130,2,2023-09-08,2023-09-01,Negative,68
R00345,V0469,M0059,4,2023-09-09,2023-09-01,Positive,179
R00346,V0436,M0118,5,2023-09-10,2023-09-01,Positive,11
R00347,V0407,M0133,5,2023-09-10,2023-09-01,Positive,82
R00348,V0049,M0037,4,2023-09-11,2023-09-01,Positive,174
R00349,V0422,M0031,4,2023-09-12,2023-09-01,Positive,35
R00350,V0303,M0099,5,2023-09-13,2023-09-01,Positive,125
R00351,V0072,M0094,5,2023-09-13,2023-09-01,Positive,62
R00352,V0263,M0176,2,2023-09-14,2023-09-01,Negative,75
R00353,V0322,M0006,5,2023-09-15,2023-09-01,Positive,81
R00354,V0222,M0015,4,2023-09-15,2023-09-01,Positive,50
R00355,V0077,M0143,4,2023-09-16,2023-09-01,Positive,42
R00356,V0062,M0189,4,2023-09-17,2023-09-01,Positive,33
R00357,V0471,M0016,4,2023-09-18,2023-09-01,Positive,96
R00358,V0157,M0020,5,2023-09-18,2023-09-01,Positive,48
R00359,V0294,M0077,4,2023-09-19,2023-09-01,Positive,145
R00360,V0125,M0044,5,2023-09-20,2023-09-01,Positive,124
R00361,V0229,M0170,3,2023-09-21,2023-09-01,Neutral,188
R00362,V0340,M0046,5,2023-09-21,2023-09-01,Positive,56
R00363,V0161,M0095,5,2023-09-22,2023-09-01,Positive,92
R00364,V0029,M0162,4,2023-09-23,2023-09-01,Positive,108
R00365,V0114,M0064,4,2023-09-23,2023-09-01,Positive,4
R00366,V0079,M0157,4,2023-09-24,2023-09-01,Positive,23
R00367,V0023,M0131,5,2023-09-25,2023-09-01,Positive,191
R00368,V0106,M0009,5,2023-09-26,2023-09-01,Positive,58
R00369,V0131,M0153,2,2023-09-26,2023-09-01,Negative,37
R00370,V0357,M0042,5,2023-09-27,2023-09-01,Positive,160
R00371,V0477,M0174,4,2023-09-28,2023-09-01,Positive,9
R00372,V0173,M0073,3,2023-09-29,2023-09-01,Neutral,164
R00373,V0264,M0084,5,2023-09-29,2023-09-01,Positive,125
R00374,V0342,M0059,4,2023-09-30,2023-09-01,Positive,10
R00375,V0373,M0021,5,2023-10-01,2023-10-01,Positive,23
R00376,V0285,M0150,3,2023-10-02,2023-10-01,Neutral,87
R00377,V0002,M0157,1,2023-10-02,2023-10-01,Negative,198
R00378,V0233,M0063,4,2023-10-03,2023-10-01,Positive,113
R00379,V0369,M0073,2,2023-10-04,2023-10-01,Negative,20
R00380,V0251,M0061,5,2023-10-04,2023-10-01,Positive,147
R00381,V0434,M0064,3,2023-10-05,2023-10-01,Neutral,9
R00382,V0493,M0069,4,2023-10-06,2023-10-01,Positive,174
R00383,V0321,M0168,2,2023-10-07,2023-10-01,Negative,174
R00384,V0108,M0129,3,2023-10-07,2023-10-01,Neutral,142
R00385,V0276,M0106,5,2023-10-08,2023-10-01,Positive,171
R00386,V0180,M0065,3,2023-10-09,2023-10-01,Neutral,189
R00387,V0213,M0122,4,2023-10-10,2023-10-01,Positive,133
R00388,V0293,M0062,5,2023-10-10,2023-10-01,Positive,65
R00389,V0072,M0182,4,2023-10-11,2023-10-01,Positive,121
R00390,V0283,M0103,5,2023-10-12,2023-10-01,Positive,131
R00391,V0175,M0060,2,2023-10-12,2023-10-01,Negative,22
R00392,V0123,M0046,3,2023-10-13,2023-10-01,Neutral,12
R00393,V0227,M0005,5,2023-10-14,2023-10-01,Positive,158
R00394,V0390,M0113,5,2023-10-15,2023-10-01,Positive,15
R00395,V0444,M0150,4,2023-10-15,2023-10-01,Positive,40
R00396,V0301,M0181,4,2023-10-16,2023-10-01,Positive,0
R00397,V0428,M0070,4,2023-10-17,2023-10-01,Positive,110
R00398,V0083,M0160,1,2023-10-18,2023-10-01,Negative,11
R00399,V0253,M0011,5,2023-10-18,2023-10-01,Positive,118
R00400,V0146,M0138,4,2023-10-19,2023-10-01,Positive,183
R00401,V0120,M0167,4,2023-10-20,2023-10-01,Positive,177
R00402,V0065,M0098,5,2023-10-21,2023-10-01,Positive,19
R00403,V0281,M0031,3,2023-10-21,2023-10-01,Neutral,193
R00404,V0283,M0012,3,2023-10-22,2023-10-01,Neutral,35
R00405,V0391,M0108,5,2023-10-23,2023-10-01,Positive,78
R00406,V0428,M0080,5,2023-10-23,2023-10-01,Positive,165
R00407,V0106,M0166,4,2023-10-24,2023-10-01,Positive,149
R00408,V0413,M0067,2,2023-10-25,2023-10-01,Negative,107
R00409,V0479,M0194,3,2023-10-26,2023-10-01,Neutral,188
R00410,V0300,M0052,4,2023-10-26,2023-10-01,Positive,177
R00411,V0107,M0133,4,2023-10-27,2023-10-01,Positive,95
R00412,V0036,M0139,5,2023-10-28,2023-10-01,Positive,58
R00413,V0147,M0025,5,2023-10-29,2023-10-01,Positive,19
R00414,V0262,M0035,5,2023-10-29,2023-10-01,Positive,163
R00415,V0409,M0163,4,2023-10-30,2023-10-01,Positive,125
R00416,V0159,M0022,5,2023-10-31,2023-10-01,Positive,96
R00417,V0265,M0165,4,2023-10-31,2023-10-01,Positive,142
R00418,V0468,M0183,3,2023-11-01,2023-11-01,Neutral,61
R00419,V0202,M0096,1,2023-11-02,2023-11-01,Negative,130
R00420,V0421,M0117,4,2023-11-03,2023-11-01,Positive,92
R00421,V0155,M0200,5,2023-11-03,2023-11-01,Positive,90
R00422,V0013,M0192,3,2023-11-04,2023-11-01,Neutral,132
R00423,V0297,M0020,3,2023-11-05,2023-11-01,Neutral,122
R00424,V0384,M0106,5,2023-11-06,2023-11-01,Positive,183
R00425,V0322,M0004,1,2023-11-06,2023-11-01,Negative,158
R00426,V0498,M0018,5,2023-11-07,2023-11-01,Positive,85
R00427,V0085,M0051,3,2023-11-08,2023-11-01,Neutral,162
R00428,V0481,M0196,1,2023-11-09,2023-11-01,Negative,117
R00429,V0280,M0020,5,2023-11-09,2023-11-01,Positive,198
R00430,V0245,M0122,2,2023-11-10,2023-11-01,Negative,197
R00431,V0300,M0137,4,2023-11-11,2023-11-01,Positive,25
R00432,V0362,M0080,3,2023-11-11,2023-11-01,Neutral,117
R00433,V0354,M0154,2,2023-11-12,2023-11-01,Negative,0
R00434,V0316,M0102,1,2023-11-13,2023-11-01,Negative,6
R00435,V0009,M0025,2,2023-11-14,2023-11-01,Negative,163
R00436,V0386,M0196,2,2023-11-14,2023-11-01,Negative,75
R00437,V0247,M0169,5,2023-11-15,2023-11-01,Positive,86
R00438,V0312,M0059,4,2023-11-16,2023-11-01,Positive,152
R00439,V0414,M0045,3,2023-11-17,2023-11-01,Neutral,93
R00440,V0278,M0041,4,2023-11-17,2023-11-01,Positive,186
R00441,V0238,M0038,5,2023-11-18,2023-11-01,Positive,60
R00442,V0203,M0117,5,2023-11-19,2023-11-01,Positive,28
R00443,V0247,M0019,5,2023-11-19,2023-11-01,Positive,94
R00444,V0235,M0014,5,2023-11-20,2023-11-01,Positive,17
R00445,V0081,M0127,3,2023-11-21,2023-11-01,Neutral,40
R00446,V0356,M0149,4,2023-11-22,2023-11-01,Positive,146
R00447,V0013,M0143,4,2023-11-22,2023-11-01,Positive,131
R00448,V0327,M0003,4,2023-11-23,2023-11-01,Positive,192
R00449,V0016,M0037,4,2023-11-24,2023-11-01,Positive,40
R00450,V0481,M0117,4,2023-11-25,2023-11-01,Positive,122
R00451,V0045,M0174,5,2023-11-25,2023-11-01,Positive,142
R00452,V0321,M0016,5,2023-11-26,2023-11-01,Positive,181
R00453,V0139,M0142,4,2023-11-27,2023-11-01,Positive,191
R00454,V0326,M0009,5,2023-11-28,2023-11-01,Positive,199
R00455,V0148,M0007,3,2023-11-28,2023-11-01,Neutral,142
R00456,V0355,M0142,2,2023-11-29,2023-11-01,Negative,177
R00457,V0236,M0134,4,2023-11-30,2023-11-01,Positive,21
R00458,V0191,M0015,4,2023-11-30,2023-11-01,Positive,145
R00459,V0101,M0180,1,2023-12-01,2023-12-01,Negative,79
R00460,V0105,M0072,5,2023-12-02,2023-12-01,Positive,129
R00461,V0474,M0162,4,2023-12-03,2023-12-01,Positive,35
R00462,V0250,M0104,4,2023-12-03,2023-12-01,Positive,19
R00463,V0396,M0129,2,2023-12-04,2023-12-01,Negative,143
R00464,V0446,M0096,3,2023-12-05,2023-12-01,Neutral,66
R00465,V0094,M0122,5,2023-12-06,2023-12-01,Positive,119
R00466,V0220,M0115,4,2023-12-06,2023-12-01,Positive,157
R00467,V0475,M0197,5,2023-12-07,2023-12-01,Positive,54
R00468,V0298,M0148,5,2023-12-08,2023-12-01,Positive,65
R00469,V0339,M0080,4,2023-12-08,2023-12-01,Positive,25
R00470,V0453,M0007,3,2023-12-09,2023-12-01,Neutral,184
R00471,V0442,M0135,5,2023-12-10,2023-12-01,Positive,196
R00472,V0133,M0050,5,2023-12-11,2023-12-01,Positive,129
R00473,V0361,M0130,4,2023-12-11,2023-12-01,Positive,55
R00474,V0155,M0047,5,2023-12-12,2023-12-01,Positive,189
R00475,V0028,M0014,5,2023-12-13,2023-12-01,Positive,33
R00476,V0282,M0031,4,2023-12-14,2023-12-01,Positive,55
R00477,V0475,M0050,4,2023-12-14,2023-12-01,Positive,54
R00478,V0116,M0189,5,2023-12-15,2023-12-01,Positive,19
R00479,V0305,M0041,4,2023-12-16,2023-12-01,Positive,49
R00480,V0234,M0014,1,2023-12-17,2023-12-01,Negative,152
R00481,V0405,M0133,3,2023-12-17,2023-12-01,Neutral,83
R00482,V0001,M0005,2,2023-12-18,2023-12-01,Negative,152
R00483,V0348,M0192,3,2023-12-19,2023-12-01,Neutral,52
R00484,V0240,M0157,5,2023-12-19,2023-12-01,Positive,141
R00485,V0058,M0005,1,2023-12-20,2023-12-01,Negative,187
R00486,V0335,M0113,3,2023-12-21,2023-12-01,Neutral,110
R00487,V0183,M0118,3,2023-12-22,2023-12-01,Neutral,170
R00488,V0337,M0096,4,2023-12-22,2023-12-01,Positive,189
R00489,V0026,M0036,4,2023-12-23,2023-12-01,Positive,111
R00490,V0468,M0079,3,2023-12-24,2023-12-01,Neutral,68
R00491,V0409,M0019,3,2023-12-25,2023-12-01,Neutral,190
R00492,V0077,M0192,3,2023-12-25,2023-12-01,Neutral,1
R00493,V0417,M0022,4,2023-12-26,2023-12-01,Positive,181
R00494,V0217,M0162,3,2023-12-27,2023-12-01,Neutral,15
R00495,V0328,M0056,5,2023-12-27,2023-12-01,Positive,182
R00496,V0325,M0017,4,2023-12-28,2023-12-01,Positive,93
R00497,V0262,M0184,2,2023-12-29,2023-12-01,Negative,170
R00498,V0023,M0017,5,2023-12-30,2023-12-01,Positive,188
R00499,V0244,M0146,3,2023-12-30,2023-12-01,Neutral,165
R00500,V0158,M0173,4,2023-12-31,2023-12-01,Positive,44
R00501,V0206,M0078,3,2024-01-01,2024-01-01,Neutral,125
R00502,V0310,M0056,4,2024-01-02,2024-01-01,Positive,178
R00503,V0087,M0080,5,2024-01-02,2024-01-01,Positive,169
R00504,V0267,M0050,5,2024-01-03,2024-01-01,Positive,23
R00505,V0415,M0058,3,2024-01-04,2024-01-01,Neutral,114
R00506,V0134,M0018,3,2024-01-05,2024-01-01,Neutral,157
R00507,V0267,M0135,4,2024-01-05,2024-01-01,Positive,164
R00508,V0333,M0076,5,2024-01-06,2024-01-01,Positive,122
R00509,V0268,M0010,5,2024-01-07,2024-01-01,Positive,180
R00510,V0450,M0069,2,2024-01-07,2024-01-01,Negative,190
R00511,V0053,M0085,2,2024-01-08,2024-01-01,Negative,138
R00512,V0099,M0131,4,2024-01-09,2024-01-01,Positive,77
R00513,V0247,M0083,2,2024-01-10,2024-01-01,Negative,150
R00514,V0036,M0109,3,2024-01-10,2024-01-01,Neutral,116
R00515,V0401,M0044,2,2024-01-11,2024-01-01,Negative,79
R00516,V0028,M0198,4,2024-01-12,2024-01-01,Positive,49
R00517,V0220,M0142,5,2024-01-13,2024-01-01,Positive,84
R00518,V0406,M0132,5,2024-01-13,2024-01-01,Positive,182
R00519,V0102,M0018,4,2024-01-14,2024-01-01,Positive,182
R00520,V0263,M0093,4,2024-01-15,2024-01-01,Positive,3
R00521,V0271,M0180,5,2024-01-15,2024-01-01,Positive,181
R00522,V0224,M0038,2,2024-01-16,2024-01-01,Negative,60
R00523,V0139,M0148,4,2024-01-17,2024-01-01,Positive,110
R00524,V0280,M0172,4,2024-01-18,2024-01-01,Positive,77
R00525,V0451,M0051,3,2024-01-18,2024-01-01,Neutral,82
R00526,V0286,M0019,4,2024-01-19,2024-01-01,Positive,132
R00527,V0454,M0120,2,2024-01-20,2024-01-01,Negative,99
R00528,V0250,M0068,4,2024-01-21,2024-01-01,Positive,145
R00529,V0322,M0066,3,2024-01-21,2024-01-01,Neutral,171
R00530,V0317,M0141,3,2024-01-22,2024-01-01,Neutral,30
R00531,V0078,M0190,2,2024-01-23,2024-01-01,Negative,118
R00532,V0297,M0189,5,2024-01-24,2024-01-01,Positive,93
R00533,V0338,M0158,4,2024-01-24,2024-01-01,Positive,148
R00534,V0307,M0098,4,2024-01-25,2024-01-01,Positive,174
R00535,V0428,M0158,4,2024-01-26,2024-01-01,Positive,29
R00536,V0351,M0179,4,2024-01-26,2024-01-01,Positive,54
R00537,V0013,M0088,3,2024-01-27,2024-01-01,Neutral,104
R00538,V0346,M0176,5,2024-01-28,2024-01-01,Positive,195
R00539,V0492,M0033,2,2024-01-29,2024-01-01,Negative,196
R00540,V0396,M0105,2,2024-01-29,2024-01-01,Negative,40
R00541,V0082,M0074,5,2024-01-30,2024-01-01,Positive,172
R00542,V0009,M0082,3,2024-01-31,2024-01-01,Neutral,73
R00543,V0497,M0019,3,2024-02-01,2024-02-01,Neutral,157
R00544,V0213,M0071,4,2024-02-01,2024-02-01,Positive,76
R00545,V0048,M0057,4,2024-02-02,2024-02-01,Positive,84
R00546,V0049,M0147,5,2024-02-03,2024-02-01,Positive,172
R00547,V0309,M0079,4,2024-02-03,2024-02-01,Positive,103
R00548,V0440,M0169,4,2024-02-04,2024-02-01,Positive,172
R00549,V0040,M0042,5,2024-02-05,2024-02-01,Positive,78
R00550,V0363,M0180,3,2024-02-06,2024-02-01,Neutral,83
R00551,V0280,M0116,3,2024-02-06,2024-02-01,Neutral,172
R00552,V0226,M0004,4,2024-02-07,2024-02-01,Positive,182
R00553,V0456,M0004,3,2024-02-08,2024-02-01,Neutral,186
R00554,V0108,M0005,5,2024-02-09,2024-02-01,Positive,132
R00555,V0245,M0041,5,2024-02-09,2024-02-01,Positive,123
R00556,V0255,M0108,3,2024-02-10,2024-02-01,Neutral,31
R00557,V0033,M0087,1,2024-02-11,2024-02-01,Negative,5
R00558,V0023,M0104,1,2024-02-12,2024-02-01,Negative,93
R00559,V0333,M0117,3,2024-02-12,2024-02-01,Neutral,25
R00560,V0054,M0101,2,2024-02-13,2024-02-01,Negative,36
R00561,V0309,M0189,4,2024-02-14,2024-02-01,Positive,12
R00562,V0049,M0075,5,2024-02-14,2024-02-01,Positive,92
R00563,V0462,M0183,5,2024-02-15,2024-02-01,Positive,196
R00564,V0078,M0075,3,2024-02-16,2024-02-01,Neutral,24
R00565,V0336,M0013,4,2024-02-17,2024-02-01,Positive,140
R00566,V0433,M0142,4,2024-02-17,2024-02-01,Positive,19
R00567,V0358,M0188,5,2024-02-18,2024-02-01,Positive,71
R00568,V0122,M0200,5,2024-02-19,2024-02-01,Positive,187
R00569,V0444,M0025,5,2024-02-20,2024-02-01,Positive,148
R00570,V0359,M0115,4,2024-02-20,2024-02-01,Positive,114
R00571,V0090,M0172,4,2024-02-21,2024-02-01,Positive,126
R00572,V0346,M0082,2,2024-02-22,2024-02-01,Negative,188
R00573,V0193,M0010,4,2024-02-22,2024-02-01,Positive,25
R00574,V0416,M0199,3,2024-02-23,2024-02-01,Neutral,53
R00575,V0377,M0050,4,2024-02-24,2024-02-01,Positive,169
R00576,V0463,M0172,4,2024-02-25,2024-02-01,Positive,138
R00577,V0244,M0142,3,2024-02-25,2024-02-01,Neutral,164
R00578,V0149,M0015,2,2024-02-26,2024-02-01,Negative,124
R00579,V0146,M0016,1,2024-02-27,2024-02-01,Negative,10
R00580,V0478,M0002,1,2024-02-28,2024-02-01,Negative,26
R00581,V0316,M0158,1,2024-02-28,2024-02-01,Negative,93
R00582,V0378,M0030,2,2024-02-29,2024-02-01,Negative,82
R00583,V0141,M0082,3,2024-03-01,2024-03-01,Neutral,33
R00584,V0408,M0031,3,2024-03-02,2024-03-01,Neutral,37
R00585,V0286,M0077,5,2024-03-02,2024-03-01,Positive,188
R00586,V0386,M0148,3,2024-03-03,2024-03-01,Neutral,86
R00587,V0339,M0177,2,2024-03-04,2024-03-01,Negative,180
R00588,V0111,M0114,4,2024-03-04,2024-03-01,Positive,64
R00589,V0108,M0035,5,2024-03-05,2024-03-01,Positive,130
R00590,V0367,M0023,4,2024-03-06,2024-03-01,Positive,194
R00591,V0281,M0106,3,2024-03-07,2024-03-01,Neutral,155
R00592,V0050,M0097,4,2024-03-07,2024-03-01,Positive,141
R00593,V0014,M0115,5,2024-03-08,2024-03-01,Positive,51
R00594,V0134,M0100,5,2024-03-09,2024-03-01,Positive,29
R00595,V0076,M0189,4,2024-03-10,2024-03-01,Positive,185
R00596,V0084,M0055,5,2024-03-10,2024-03-01,Positive,181
R00597,V0343,M0195,5,2024-03-11,2024-03-01,Positive,196
R00598,V0158,M0008,4,2024-03-12,2024-03-01,Positive,112
R00599,V0286,M0168,4,2024-03-12,2024-03-01,Positive,142
R00600,V0422,M0059,4,2024-03-13,2024-03-01,Positive,165
R00601,V0314,M0128,5,2024-03-14,2024-03-01,Positive,141
R00602,V0094,M0032,1,2024-03-15,2024-03-01,Negative,184
R00603,V0297,M0093,5,2024-03-15,2024-03-01,Positive,186
R00604,V0094,M0007,3,2024-03-16,2024-03-01,Neutral,7
R00605,V0057,M0002,4,2024-03-17,2024-03-01,Positive,71
R00606,V0164,M0085,5,2024-03-18,2024-03-01,Positive,146
R00607,V0320,M0134,3,2024-03-18,2024-03-01,Neutral,31
R00608,V0497,M0106,4,2024-03-19,2024-03-01,Positive,94
R00609,V0098,M0036,2,2024-03-20,2024-03-01,Negative,156
R00610,V0016,M0160,4,2024-03-21,2024-03-01,Positive,40
R00611,V0344,M0045,3,2024-03-21,2024-03-01,Neutral,74
R00612,V0078,M0042,4,2024-03-22,2024-03-01,Positive,44
R00613,V0346,M0053,4,2024-03-23,2024-03-01,Positive,12
R00614,V0072,M0110,5,2024-03-23,2024-03-01,Positive,154
R00615,V0270,M0009,5,2024-03-24,2024-03-01,Positive,18
R00616,V0287,M0087,2,2024-03-25,2024-03-01,Negative,153
R00617,V0066,M0114,5,2024-03-26,2024-03-01,Positive,52
R00618,V0368,M0075,2,2024-03-26,2024-03-01,Negative,178
R00619,V0068,M0177,1,2024-03-27,2024-03-01,Negative,164
R00620,V0193,M0130,2,2024-03-28,2024-03-01,Negative,136
R00621,V0055,M0195,5,2024-03-29,2024-03-01,Positive,179
R00622,V0468,M0011,5,2024-03-29,2024-03-01,Positive,181
R00623,V0379,M0050,3,2024-03-30,2024-03-01,Neutral,2
R00624,V0462,M0163,3,2024-03-31,2024-03-01,Neutral,95
R00625,V0168,M0122,3,2024-03-31,2024-03-01,Neutral,196
R00626,V0409,M0143,4,2024-04-01,2024-04-01,Positive,135
R00627,V0025,M0075,4,2024-04-02,2024-04-01,Positive,13
R00628,V0131,M0031,3,2024-04-03,2024-04-01,Neutral,119
R00629,V0325,M0092,5,2024-04-03,2024-04-01,Positive,130
R00630,V0102,M0190,3,2024-04-04,2024-04-01,Neutral,151
R00631,V0374,M0156,5,2024-04-05,2024-04-01,Positive,12
R00632,V0282,M0153,4,2024-04-06,2024-04-01,Positive,170
R00633,V0296,M0092,4,2024-04-06,2024-04-01,Positive,156
R00634,V0294,M0153,5,2024-04-07,2024-04-01,Positive,71
R00635,V0422,M0075,5,2024-04-08,2024-04-01,Positive,178
R00636,V0452,M0092,3,2024-04-09,2024-04-01,Neutral,169
R00637,V0263,M0129,3,2024-04-09,2024-04-01,Neutral,158
R00638,V0478,M0187,5,2024-04-10,2024-04-01,Positive,190
R00639,V0414,M0197,3,2024-04-11,2024-04-01,Neutral,153
R00640,V0120,M0042,1,2024-04-11,2024-04-01,Negative,145
R00641,V0403,M0110,4,2024-04-12,2024-04-01,Positive,81
R00642,V0231,M0162,5,2024-04-13,2024-04-01,Positive,56
R00643,V0291,M0194,5,2024-04-14,2024-04-01,Positive,6
R00644,V0488,M0018,5,2024-04-14,2024-04-01,Positive,111
R00645,V0161,M0077,4,2024-04-15,2024-04-01,Positive,47
R00646,V0161,M0133,2,2024-04-16,2024-04-01,Negative,79
R00647,V0078,M0020,4,2024-04-17,2024-04-01,Positive,118
R00648,V0038,M0194,5,2024-04-17,2024-04-01,Positive,119
R00649,V0394,M0127,2,2024-04-18,2024-04-01,Negative,59
R00650,V0441,M0075,3,2024-04-19,2024-04-01,Neutral,32
R00651,V0028,M0062,1,2024-04-19,2024-04-01,Negative,114
R00652,V0462,M0032,4,2024-04-20,2024-04-01,Positive,127
R00653,V0100,M0186,5,2024-04-21,2024-04-01,Positive,2
R00654,V0294,M0178,4,2024-04-22,2024-04-01,Positive,3
R00655,V0400,M0166,5,2024-04-22,2024-04-01,Positive,99
R00656,V0124,M0183,2,2024-04-23,2024-04-01,Negative,3
R00657,V0405,M0028,5,2024-04-24,2024-04-01,Positive,41
R00658,V0092,M0074,5,2024-04-25,2024-04-01,Positive,8
R00659,V0255,M0081,3,2024-04-25,2024-04-01,Neutral,50
R00660,V0097,M0022,5,2024-04-26,2024-04-01,Positive,144
R00661,V0006,M0171,3,2024-04-27,2024-04-01,Neutral,144
R00662,V0169,M0164,5,2024-04-28,2024-04-01,Positive,96
R00663,V0383,M0096,5,2024-04-28,2024-04-01,Positive,19
R00664,V0271,M0122,5,2024-04-29,2024-04-01,Positive,141
R00665,V0108,M0123,4,2024-04-30,2024-04-01,Positive,21
R00666,V0387,M0052,2,2024-04-30,2024-04-01,Negative,179
R00667,V0299,M0164,4,2024-05-01,2024-05-01,Positive,26
R00668,V0047,M0156,4,2024-05-02,2024-05-01,Positive,42
R00669,V0099,M0078,5,2024-05-03,2024-05-01,Positive,130
R00670,V0014,M0186,5,2024-05-03,2024-05-01,Positive,93
R00671,V0194,M0164,5,2024-05-04,2024-05-01,Positive,7
R00672,V0157,M0070,1,2024-05-05,2024-05-01,Negative,85
R00673,V0388,M0137,5,2024-05-06,2024-05-01,Positive,88
R00674,V0154,M0021,5,2024-05-06,2024-05-01,Positive,137
R00675,V0115,M0064,5,2024-05-07,2024-05-01,Positive,112
R00676,V0396,M0076,2,2024-05-08,2024-05-01,Negative,156
R00677,V0258,M0061,2,2024-05-08,2024-05-01,Negative,167
R00678,V0145,M0095,1,2024-05-09,2024-05-01,Negative,192
R00679,V0291,M0040,4,2024-05-10,2024-05-01,Positive,20
R00680,V0010,M0184,4,2024-05-11,2024-05-01,Positive,151
R00681,V0368,M0004,5,2024-05-11,2024-05-01,Positive,187
R00682,V0214,M0031,4,2024-05-12,2024-05-01,Positive,153
R00683,V0233,M0155,3,2024-05-13,2024-05-01,Neutral,8
R00684,V0171,M0186,4,2024-05-14,2024-05-01,Positive,147
R00685,V0021,M0153,5,2024-05-14,2024-05-01,Positive,183
R00686,V0015,M0069,5,2024-05-15,2024-05-01,Positive,35
R00687,V0419,M0070,5,2024-05-16,2024-05-01,Positive,35
R00688,V0368,M0005,4,2024-05-17,2024-05-01,Positive,72
R00689,V0126,M0115,4,2024-05-17,2024-05-01,Positive,149
R00690,V0341,M0091,5,2024-05-18,2024-05-01,Positive,0
R00691,V0341,M0008,4,2024-05-19,2024-05-01,Positive,68
R00692,V0213,M0009,3,2024-05-19,2024-05-01,Neutral,36
R00693,V0188,M0015,3,2024-05-20,2024-05-01,Neutral,71
R00694,V0172,M0105,1,2024-05-21,2024-05-01,Negative,106
R00695,V0480,M0007,5,2024-05-22,2024-05-01,Positive,95
R00696,V0247,M0072,2,2024-05-22,2024-05-01,Negative,140
R00697,V0005,M0115,3,2024-05-23,2024-05-01,Neutral,83
R00698,V0231,M0015,3,2024-05-24,2024-05-01,Neutral,42
R00699,V0201,M0165,4,2024-05-25,2024-05-01,Positive,36
R00700,V0373,M0083,4,2024-05-25,2024-05-01,Positive,24
R00701,V0402,M0039,4,2024-05-26,2024-05-01,Positive,148
R00702,V0149,M0134,2,2024-05-27,2024-05-01,Negative,168
R00703,V0072,M0057,2,2024-05-27,2024-05-01,Negative,72
R00704,V0492,M0092,4,2024-05-28,2024-05-01,Positive,169
R00705,V0500,M0081,3,2024-05-29,2024-05-01,Neutral,41
R00706,V0226,M0147,3,2024-05-30,2024-05-01,Neutral,1
R00707,V0074,M0127,2,2024-05-30,2024-05-01,Negative,195
R00708,V0307,M0191,5,2024-05-31,2024-05-01,Positive,135
R00709,V0169,M0159,4,2024-06-01,2024-06-01,Positive,95
R00710,V0249,M0075,2,2024-06-02,2024-06-01,Negative,60
R00711,V0280,M0079,2,2024-06-02,2024-06-01,Negative,13
R00712,V0488,M0010,5,2024-06-03,2024-06-01,Positive,112
R00713,V0152,M0107,4,2024-06-04,2024-06-01,Positive,76
R00714,V0224,M0087,4,2024-06-05,2024-06-01,Positive,20
R00715,V0225,M0067,5,2024-06-05,2024-06-01,Positive,151
R00716,V0038,M0062,5,2024-06-06,2024-06-01,Positive,177
R00717,V0044,M0131,5,2024-06-07,2024-06-01,Positive,172
R00718,V0185,M0146,4,2024-06-07,2024-06-01,Positive,191
R00719,V0499,M0153,4,2024-06-08,2024-06-01,Positive,63
R00720,V0443,M0107,1,2024-06-09,2024-06-01,Negative,153
R00721,V0241,M0148,5,2024-06-10,2024-06-01,Positive,159
R00722,V0418,M0186,4,2024-06-10,2024-06-01,Positive,56
R00723,V0331,M0093,3,2024-06-11,2024-06-01,Neutral,118
R00724,V0351,M0086,5,2024-06-12,2024-06-01,Positive,180
R00725,V0210,M0178,5,2024-06-13,2024-06-01,Positive,160
R00726,V0023,M0121,5,2024-06-13,2024-06-01,Positive,51
R00727,V0124,M0079,5,2024-06-14,2024-06-01,Positive,94
R00728,V0086,M0010,5,2024-06-15,2024-06-01,Positive,145
R00729,V0043,M0149,3,2024-06-15,2024-06-01,Neutral,162
R00730,V0466,M0029,5,2024-06-16,2024-06-01,Positive,139
R00731,V0040,M0096,5,2024-06-17,2024-06-01,Positive,178
R00732,V0303,M0010,3,2024-06-18,2024-06-01,Neutral,88
R00733,V0169,M0013,2,2024-06-18,2024-06-01,Negative,9
R00734,V0175,M0047,5,2024-06-19,2024-06-01,Positive,51
R00735,V0487,M0151,3,2024-06-20,2024-06-01,Neutral,33
R00736,V0020,M0050,5,2024-06-21,2024-06-01,Positive,114
R00737,V0461,M0132,1,2024-06-21,2024-06-01,Negative,194
R00738,V0109,M0116,1,2024-06-22,2024-06-01,Negative,166
R00739,V0193,M0113,4,2024-06-23,2024-06-01,Positive,135
R00740,V0244,M0195,3,2024-06-24,2024-06-01,Neutral,124
R00741,V0324,M0085,4,2024-06-24,2024-06-01,Positive,156
R00742,V0280,M0053,4,2024-06-25,2024-06-01,Positive,149
R00743,V0228,M0130,2,2024-06-26,2024-06-01,Negative,197
R00744,V0036,M0068,3,2024-06-26,2024-06-01,Neutral,188
R00745,V0045,M0193,4,2024-06-27,2024-06-01,Positive,42
R00746,V0386,M0079,3,2024-06-28,2024-06-01,Neutral,176
R00747,V0028,M0057,5,2024-06-29,2024-06-01,Positive,28
R00748,V0154,M0097,4,2024-06-29,2024-06-01,Positive,105
R00749,V0023,M0198,2,2024-06-30,2024-06-01,Negative,119
R00750,V0207,M0135,4,2024-07-01,2024-07-01,Positive,80
R00751,V0420,M0147,2,2024-07-02,2024-07-01,Negative,30
R00752,V0091,M0172,2,2024-07-02,2024-07-01,Negative,180
R00753,V0390,M0063,3,2024-07-03,2024-07-01,Neutral,161
R00754,V0419,M0065,5,2024-07-04,2024-07-01,Positive,127
R00755,V0359,M0039,5,2024-07-04,2024-07-01,Positive,37
R00756,V0038,M0109,5,2024-07-05,2024-07-01,Positive,184
R00757,V0419,M0026,3,2024-07-06,2024-07-01,Neutral,100
R00758,V0228,M0172,3,2024-07-07,2024-07-01,Neutral,131
R00759,V0202,M0012,4,2024-07-07,2024-07-01,Positive,129
R00760,V0350,M0150,5,2024-07-08,2024-07-01,Positive,11
R00761,V0309,M0077,5,2024-07-09,2024-07-01,Positive,34
R00762,V0489,M0142,2,2024-07-10,2024-07-01,Negative,197
R00763,V0254,M0086,1,2024-07-10,2024-07-01,Negative,109
R00764,V0038,M0030,4,2024-07-11,2024-07-01,Positive,71
R00765,V0221,M0172,5,2024-07-12,2024-07-01,Positive,148
R00766,V0500,M0166,5,2024-07-13,2024-07-01,Positive,109
R00767,V0187,M0187,4,2024-07-13,2024-07-01,Positive,60
R00768,V0043,M0170,5,2024-07-14,2024-07-01,Positive,162
R00769,V0359,M0052,4,2024-07-15,2024-07-01,Positive,47
R00770,V0114,M0063,5,2024-07-15,2024-07-01,Positive,142
R00771,V0260,M0189,5,2024-07-16,2024-07-01,Positive,70
R00772,V0005,M0120,5,2024-07-17,2024-07-01,Positive,142
R00773,V0068,M0105,3,2024-07-18,2024-07-01,Neutral,133
R00774,V0228,M0162,3,2024-07-18,2024-07-01,Neutral,67
R00775,V0123,M0039,4,2024-07-19,2024-07-01,Positive,21
R00776,V0173,M0041,4,2024-07-20,2024-07-01,Positive,31
R00777,V0336,M0121,5,2024-07-21,2024-07-01,Positive,122
R00778,V0153,M0108,2,2024-07-21,2024-07-01,Negative,21
R00779,V0462,M0165,3,2024-07-22,2024-07-01,Neutral,154
R00780,V0267,M0065,5,2024-07-23,2024-07-01,Positive,109
R00781,V0157,M0118,2,2024-07-23,2024-07-01,Negative,14
R00782,V0162,M0079,3,2024-07-24,2024-07-01,Neutral,123
R00783,V0214,M0160,4,2024-07-25,2024-07-01,Positive,43
R00784,V0398,M0008,4,2024-07-26,2024-07-01,Positive,114
R00785,V0376,M0097,3,2024-07-26,2024-07-01,Neutral,8
R00786,V0408,M0018,5,2024-07-27,2024-07-01,Positive,33
R00787,V0443,M0173,4,2024-07-28,2024-07-01,Positive,72
R00788,V0423,M0096,5,2024-07-29,2024-07-01,Positive,142
R00789,V0026,M0033,4,2024-07-29,2024-07-01,Positive,189
R00790,V0427,M0005,3,2024-07-30,2024-07-01,Neutral,44
R00791,V0292,M0127,2,2024-07-31,2024-07-01,Negative,71
R00792,V0423,M0074,1,2024-08-01,2024-08-01,Negative,57
R00793,V0189,M0126,4,2024-08-01,2024-08-01,Positive,114
R00794,V0400,M0164,2,2024-08-02,2024-08-01,Negative,18
R00795,V0122,M0151,4,2024-08-03,2024-08-01,Positive,15
R00796,V0230,M0168,4,2024-08-03,2024-08-01,Positive,74
R00797,V0059,M0005,3,2024-08-04,2024-08-01,Neutral,105
R00798,V0096,M0034,3,2024-08-05,2024-08-01,Neutral,135
R00799,V0262,M0024,5,2024-08-06,2024-08-01,Positive,160
R00800,V0354,M0145,5,2024-08-06,2024-08-01,Positive,73
R00801,V0312,M0095,2,2024-08-07,2024-08-01,Negative,17
R00802,V0136,M0071,3,2024-08-08,2024-08-01,Neutral,162
R00803,V0350,M0092,5,2024-08-09,2024-08-01,Positive,42
R00804,V0283,M0125,1,2024-08-09,2024-08-01,Negative,49
R00805,V0455,M0022,5,2024-08-10,2024-08-01,Positive,2
R00806,V0411,M0015,1,2024-08-11,2024-08-01,Negative,58
R00807,V0473,M0101,5,2024-08-11,2024-08-01,Positive,27
R00808,V0120,M0015,3,2024-08-12,2024-08-01,Neutral,45
R00809,V0430,M0153,5,2024-08-13,2024-08-01,Positive,63
R00810,V0425,M0053,3,2024-08-14,2024-08-01,Neutral,69
R00811,V0463,M0149,4,2024-08-14,2024-08-01,Positive,46
R00812,V0025,M0102,2,2024-08-15,2024-08-01,Negative,141
R00813,V0342,M0194,3,2024-08-16,2024-08-01,Neutral,134
R00814,V0146,M0113,5,2024-08-17,2024-08-01,Positive,158
R00815,V0012,M0032,4,2024-08-17,2024-08-01,Positive,105
R00816,V0087,M0021,5,2024-08-18,2024-08-01,Positive,80
R00817,V0435,M0196,4,2024-08-19,2024-08-01,Positive,50
R00818,V0109,M0172,5,2024-08-20,2024-08-01,Positive,28
R00819,V0423,M0083,4,2024-08-20,2024-08-01,Positive,112
R00820,V0345,M0194,5,2024-08-21,2024-08-01,Positive,142
R00821,V0266,M0014,5,2024-08-22,2024-08-01,Positive,127
R00822,V0222,M0015,3,2024-08-22,2024-08-01,Neutral,89
R00823,V0074,M0148,5,2024-08-23,2024-08-01,Positive,24
R00824,V0482,M0034,5,2024-08-24,2024-08-01,Positive,188
R00825,V0494,M0164,3,2024-08-25,2024-08-01,Neutral,40
R00826,V0333,M0083,4,2024-08-25,2024-08-01,Positive,68
R00827,V0310,M0009,2,2024-08-26,2024-08-01,Negative,3
R00828,V0413,M0199,5,2024-08-27,2024-08-01,Positive,104
R00829,V0102,M0158,3,2024-08-28,2024-08-01,Neutral,184
R00830,V0425,M0077,2,2024-08-28,2024-08-01,Negative,30
R00831,V0493,M0191,4,2024-08-29,2024-08-01,Positive,130
R00832,V0137,M0163,4,2024-08-30,2024-08-01,Positive,116
R00833,V0191,M0141,5,2024-08-30,2024-08-01,Positive,194
R00834,V0461,M0174,5,2024-08-31,2024-08-01,Positive,89
R00835,V0421,M0184,4,2024-09-01,2024-09-01,Positive,177
R00836,V0142,M0009,2,2024-09-02,2024-09-01,Negative,144
R00837,V0357,M0036,5,2024-09-02,2024-09-01,Positive,187
R00838,V0073,M0117,4,2024-09-03,2024-09-01,Positive,65
R00839,V0328,M0003,4,2024-09-04,2024-09-01,Positive,87
R00840,V0167,M0019,3,2024-09-05,2024-09-01,Neutral,23
R00841,V0168,M0156,4,2024-09-05,2024-09-01,Positive,98
R00842,V0054,M0023,3,2024-09-06,2024-09-01,Neutral,159
R00843,V0259,M0104,5,2024-09-07,2024-09-01,Positive,104
R00844,V0439,M0135,4,2024-09-08,2024-09-01,Positive,18
R00845,V0111,M0105,5,2024-09-08,2024-09-01,Positive,65
R00846,V0232,M0142,4,2024-09-09,2024-09-01,Positive,59
R00847,V0161,M0046,3,2024-09-10,2024-09-01,Neutral,114
R00848,V0352,M0143,5,2024-09-10,2024-09-01,Positive,193
R00849,V0327,M0195,4,2024-09-11,2024-09-01,Positive,14
R00850,V0019,M0015,3,2024-09-12,2024-09-01,Neutral,84
R00851,V0290,M0051,4,2024-09-13,2024-09-01,Positive,162
R00852,V0462,M0110,4,2024-09-13,2024-09-01,Positive,196
R00853,V0050,M0008,5,2024-09-14,2024-09-01,Positive,154
R00854,V0175,M0069,4,2024-09-15,2024-09-01,Positive,87
R00855,V0302,M0190,5,2024-09-16,2024-09-01,Positive,6
R00856,V0184,M0179,2,2024-09-16,2024-09-01,Negative,5
R00857,V0185,M0063,4,2024-09-17,2024-09-01,Positive,124
R00858,V0339,M0068,5,2024-09-18,2024-09-01,Positive,32
R00859,V0307,M0144,5,2024-09-18,2024-09-01,Positive,57
R00860,V0310,M0152,3,2024-09-19,2024-09-01,Neutral,176
R00861,V0346,M0006,3,2024-09-20,2024-09-01,Neutral,144
R00862,V0081,M0119,3,2024-09-21,2024-09-01,Neutral,109
R00863,V0374,M0057,4,2024-09-21,2024-09-01,Positive,41
R00864,V0156,M0031,5,2024-09-22,2024-09-01,Positive,93
R00865,V0275,M0006,5,2024-09-23,2024-09-01,Positive,199
R00866,V0283,M0157,4,2024-09-24,2024-09-01,Positive,167
R00867,V0432,M0067,5,2024-09-24,2024-09-01,Positive,173
R00868,V0500,M0131,4,2024-09-25,2024-09-01,Positive,198
R00869,V0249,M0156,2,2024-09-26,2024-09-01,Negative,197
R00870,V0147,M0074,4,2024-09-27,2024-09-01,Positive,195
R00871,V0481,M0114,5,2024-09-27,2024-09-01,Positive,128
R00872,V0435,M0097,5,2024-09-28,2024-09-01,Positive,78
R00873,V0007,M0176,4,2024-09-29,2024-09-01,Positive,94
R00874,V0157,M0080,4,2024-09-29,2024-09-01,Positive,110
R00875,V0171,M0123,5,2024-09-30,2024-09-01,Positive,96
R00876,V0069,M0138,4,2024-10-01,2024-10-01,Positive,179
R00877,V0094,M0033,3,2024-10-02,2024-10-01,Neutral,162
R00878,V0369,M0195,5,2024-10-02,2024-10-01,Positive,118
R00879,V0363,M0197,5,2024-10-03,2024-10-01,Positive,68
R00880,V0376,M0140,3,2024-10-04,2024-10-01,Neutral,132
R00881,V0186,M0185,4,2024-10-05,2024-10-01,Positive,144
R00882,V0392,M0044,4,2024-10-05,2024-10-01,Positive,180
R00883,V0170,M0013,2,2024-10-06,2024-10-01,Negative,51
R00884,V0204,M0152,5,2024-10-07,2024-10-01,Positive,141
R00885,V0042,M0172,4,2024-10-07,2024-10-01,Positive,121
R00886,V0013,M0057,5,2024-10-08,2024-10-01,Positive,28
R00887,V0154,M0096,3,2024-10-09,2024-10-01,Neutral,135
R00888,V0274,M0144,4,2024-10-10,2024-10-01,Positive,103
R00889,V0298,M0109,1,2024-10-10,2024-10-01,Negative,0
R00890,V0051,M0120,5,2024-10-11,2024-10-01,Positive,28
R00891,V0500,M0100,4,2024-10-12,2024-10-01,Positive,163
R00892,V0369,M0149,4,2024-10-13,2024-10-01,Positive,178
R00893,V0212,M0111,2,2024-10-13,2024-10-01,Negative,164
R00894,V0144,M0051,3,2024-10-14,2024-10-01,Neutral,68
R00895,V0357,M0021,2,2024-10-15,2024-10-01,Negative,52
R00896,V0003,M0060,3,2024-10-16,2024-10-01,Neutral,123
R00897,V0254,M0179,4,2024-10-16,2024-10-01,Positive,179
R00898,V0475,M0021,4,2024-10-17,2024-10-01,Positive,87
R00899,V0335,M0107,4,2024-10-18,2024-10-01,Positive,82
R00900,V0256,M0126,4,2024-10-18,2024-10-01,Positive,11
R00901,V0098,M0134,3,2024-10-19,2024-10-01,Neutral,51
R00902,V0173,M0073,3,2024-10-20,2024-10-01,Neutral,128
R00903,V0150,M0193,2,2024-10-21,2024-10-01,Negative,134
R00904,V0488,M0076,5,2024-10-21,2024-10-01,Positive,144
R00905,V0279,M0186,4,2024-10-22,2024-10-01,Positive,126
R00906,V0059,M0078,3,2024-10-23,2024-10-01,Neutral,170
R00907,V0446,M0134,3,2024-10-24,2024-10-01,Neutral,70
R00908,V0113,M0065,5,2024-10-24,2024-10-01,Positive,16
R00909,V0324,M0086,5,2024-10-25,2024-10-01,Positive,186
R00910,V0243,M0034,4,2024-10-26,2024-10-01,Positive,2
R00911,V0310,M0056,4,2024-10-26,2024-10-01,Positive,28
R00912,V0057,M0075,3,2024-10-27,2024-10-01,Neutral,21
R00913,V0489,M0003,5,2024-10-28,2024-10-01,Positive,165
R00914,V0407,M0170,5,2024-10-29,2024-10-01,Positive,53
R00915,V0367,M0190,3,2024-10-29,2024-10-01,Neutral,106
R00916,V0060,M0006,5,2024-10-30,2024-10-01,Positive,177
R00917,V0329,M0006,5,2024-10-31,2024-10-01,Positive,68
R00918,V0216,M0191,3,2024-11-01,2024-11-01,Neutral,157
R00919,V0469,M0148,4,2024-11-01,2024-11-01,Positive,150
R00920,V0233,M0149,3,2024-11-02,2024-11-01,Neutral,119
R00921,V0494,M0002,2,2024-11-03,2024-11-01,Negative,46
R00922,V0055,M0090,5,2024-11-04,2024-11-01,Positive,148
R00923,V0373,M0056,3,2024-11-04,2024-11-01,Neutral,19
R00924,V0208,M0096,5,2024-11-05,2024-11-01,Positive,150
R00925,V0063,M0010,5,2024-11-06,2024-11-01,Positive,195
R00926,V0184,M0087,2,2024-11-06,2024-11-01,Negative,148
R00927,V0311,M0070,4,2024-11-07,2024-11-01,Positive,20
R00928,V0281,M0151,5,2024-11-08,2024-11-01,Positive,0
R00929,V0026,M0113,5,2024-11-09,2024-11-01,Positive,142
R00930,V0177,M0030,5,2024-11-09,2024-11-01,Positive,16
R00931,V0063,M0128,3,2024-11-10,2024-11-01,Neutral,50
R00932,V0429,M0078,4,2024-11-11,2024-11-01,Positive,190
R00933,V0073,M0165,4,2024-11-12,2024-11-01,Positive,13
R00934,V0335,M0055,5,2024-11-12,2024-11-01,Positive,58
R00935,V0167,M0049,3,2024-11-13,2024-11-01,Neutral,82
R00936,V0225,M0034,5,2024-11-14,2024-11-01,Positive,49
R00937,V0065,M0105,3,2024-11-14,2024-11-01,Neutral,123
R00938,V0069,M0172,5,2024-11-15,2024-11-01,Positive,33
R00939,V0440,M0022,4,2024-11-16,2024-11-01,Positive,5
R00940,V0009,M0031,4,2024-11-17,2024-11-01,Positive,108
R00941,V0236,M0135,4,2024-11-17,2024-11-01,Positive,48
R00942,V0198,M0105,3,2024-11-18,2024-11-01,Neutral,5
R00943,V0412,M0149,3,2024-11-19,2024-11-01,Neutral,116
R00944,V0173,M0016,2,2024-11-20,2024-11-01,Negative,117
R00945,V0282,M0020,2,2024-11-20,2024-11-01,Negative,196
R00946,V0028,M0043,3,2024-11-21,2024-11-01,Neutral,6
R00947,V0296,M0172,5,2024-11-22,2024-11-01,Positive,96
R00948,V0399,M0047,4,2024-11-23,2024-11-01,Positive,178
R00949,V0134,M0114,2,2024-11-23,2024-11-01,Negative,117
R00950,V0027,M0019,5,2024-11-24,2024-11-01,Positive,128
R00951,V0038,M0048,4,2024-11-25,2024-11-01,Positive,140
R00952,V0196,M0197,5,2024-11-25,2024-11-01,Positive,170
R00953,V0203,M0139,4,2024-11-26,2024-11-01,Positive,26
R00954,V0085,M0157,3,2024-11-27,2024-11-01,Neutral,198
R00955,V0320,M0045,4,2024-11-28,2024-11-01,Positive,115
R00956,V0030,M0196,4,2024-11-28,2024-11-01,Positive,130
R00957,V0466,M0164,1,2024-11-29,2024-11-01,Negative,57
R00958,V0099,M0176,1,2024-11-30,2024-11-01,Negative,88
R00959,V0387,M0087,2,2024-12-01,2024-12-01,Negative,96
R00960,V0190,M0015,3,2024-12-01,2024-12-01,Neutral,16
R00961,V0012,M0110,4,2024-12-02,2024-12-01,Positive,172
R00962,V0091,M0172,4,2024-12-03,2024-12-01,Positive,100
R00963,V0030,M0195,2,2024-12-03,2024-12-01,Negative,185
R00964,V0213,M0096,4,2024-12-04,2024-12-01,Positive,183
R00965,V0038,M0168,4,2024-12-05,2024-12-01,Positive,181
R00966,V0341,M0102,3,2024-12-06,2024-12-01,Neutral,28
R00967,V0060,M0086,1,2024-12-06,2024-12-01,Negative,101
R00968,V0294,M0142,2,2024-12-07,2024-12-01,Negative,122
R00969,V0360,M0191,4,2024-12-08,2024-12-01,Positive,53
R00970,V0143,M0081,3,2024-12-09,2024-12-01,Neutral,26
R00971,V0402,M0051,4,2024-12-09,2024-12-01,Positive,101
R00972,V0180,M0112,4,2024-12-10,2024-12-01,Positive,116
R00973,V0285,M0186,4,2024-12-11,2024-12-01,Positive,103
R00974,V0112,M0015,3,2024-12-12,2024-12-01,Neutral,44
R00975,V0230,M0065,3,2024-12-12,2024-12-01,Neutral,113
R00976,V0444,M0088,4,2024-12-13,2024-12-01,Positive,86
R00977,V0021,M0183,5,2024-12-14,2024-12-01,Positive,30
R00978,V0145,M0076,5,2024-12-14,2024-12-01,Positive,163
R00979,V0489,M0010,4,2024-12-15,2024-12-01,Positive,188
R00980,V0499,M0042,4,2024-12-16,2024-12-01,Positive,36
R00981,V0146,M0095,4,2024-12-17,2024-12-01,Positive,194
R00982,V0441,M0011,5,2024-12-17,2024-12-01,Positive,35
R00983,V0375,M0118,1,2024-12-18,2024-12-01,Negative,118
R00984,V0421,M0144,5,2024-12-19,2024-12-01,Positive,4
R00985,V0316,M0125,4,2024-12-20,2024-12-01,Positive,173
R00986,V0166,M0078,4,2024-12-20,2024-12-01,Positive,51
R00987,V0140,M0147,1,2024-12-21,2024-12-01,Negative,48
R00988,V0203,M0159,4,2024-12-22,2024-12-01,Positive,5
R00989,V0496,M0181,4,2024-12-22,2024-12-01,Positive,122
R00990,V0244,M0090,2,2024-12-23,2024-12-01,Negative,137
R00991,V0113,M0008,3,2024-12-24,2024-12-01,Neutral,117
R00992,V0468,M0152,5,2024-12-25,2024-12-01,Positive,22
R00993,V0201,M0136,4,2024-12-25,2024-12-01,Positive,144
R00994,V0385,M0111,4,2024-12-26,2024-12-01,Positive,109
R00995,V0314,M0176,2,2024-12-27,2024-12-01,Negative,43
R00996,V0259,M0158,5,2024-12-28,2024-12-01,Positive,40
R00997,V0255,M0058,5,2024-12-28,2024-12-01,Positive,142
R00998,V0447,M0086,4,2024-12-29,2024-12-01,Positive,171
R00999,V0405,M0055,4,2024-12-30,2024-12-01,Positive,185
R01000,V0023,M0122,4,2024-12-31,2024-12-01,Positive,49
