activity_id,viewer_id,movie_id,watch_date,watch_duration_minutes,completed,platform
A00001,V0370,M0178,2023-01-01,78,1,TV
A00002,V0362,M0112,2023-01-01,43,0,Desktop
A00003,V0472,M0161,2023-01-01,14,0,Mobile
A00004,V0056,M0119,2023-01-02,44,0,Desktop
A00005,V0113,M0059,2023-01-02,34,0,TV
A00006,V0013,M0043,2023-01-02,36,0,Mobile
A00007,V0440,M0012,2023-01-03,70,0,Tablet
A00008,V0018,M0040,2023-01-03,120,0,Mobile
A00009,V0182,M0118,2023-01-03,42,0,TV
A00010,V0461,M0020,2023-01-04,76,0,Desktop
A00011,V0113,M0166,2023-01-04,28,0,TV
A00012,V0229,M0131,2023-01-05,122,1,Desktop
A00013,V0171,M0156,2023-01-05,173,1,Tablet
A00014,V0295,M0184,2023-01-05,92,1,Desktop
A00015,V0189,M0090,2023-01-06,153,1,Mobile
A00016,V0426,M0094,2023-01-06,29,0,Desktop
A00017,V0465,M0013,2023-01-06,20,0,Mobile
A00018,V0079,M0066,2023-01-07,104,0,Mobile
A00019,V0146,M0037,2023-01-07,163,1,Mobile
A00020,V0407,M0177,2023-01-07,37,0,TV
A00021,V0182,M0066,2023-01-08,17,0,Desktop
A00022,V0499,M0036,2023-01-08,76,0,TV
A00023,V0286,M0182,2023-01-09,18,0,Mobile
A00024,V0250,M0026,2023-01-09,85,0,Mobile
A00025,V0354,M0075,2023-01-09,69,0,Tablet
A00026,V0314,M0200,2023-01-10,56,0,Desktop
A00027,V0196,M0108,2023-01-10,21,0,Tablet
A00028,V0323,M0168,2023-01-10,85,0,Mobile
A00029,V0071,M0043,2023-01-11,64,0,Mobile
A00030,V0248,M0150,2023-01-11,82,1,TV
A00031,V0146,M0148,2023-01-11,46,0,TV
A00032,V0106,M0008,2023-01-12,21,0,Mobile
A00033,V0263,M0029,2023-01-12,71,0,Mobile
A00034,V0296,M0040,2023-01-13,95,0,TV
A00035,V0070,M0158,2023-01-13,52,0,Desktop
A00036,V0470,M0128,2023-01-13,74,0,TV
A00037,V0193,M0084,2023-01-14,41,0,Mobile
A00038,V0068,M0116,2023-01-14,51,0,Mobile
A00039,V0494,M0183,2023-01-14,26,0,Tablet
A00040,V0305,M0144,2023-01-15,46,0,Mobile
A00041,V0052,M0174,2023-01-15,71,0,Desktop
A00042,V0370,M0062,2023-01-15,65,0,TV
A00043,V0363,M0007,2023-01-16,66,0,Mobile
A00044,V0285,M0045,2023-01-16,79,1,Desktop
A00045,V0405,M0187,2023-01-17,19,0,Desktop
A00046,V0474,M0184,2023-01-17,13,0,Desktop
A00047,V0334,M0176,2023-01-17,11,0,Desktop
A00048,V0009,M0155,2023-01-18,39,0,Mobile
A00049,V0251,M0181,2023-01-18,57,0,Desktop
A00050,V0431,M0088,2023-01-18,104,0,Desktop
A00051,V0332,M0073,2023-01-19,121,0,TV
A00052,V0298,M0163,2023-01-19,48,0,Mobile
A00053,V0435,M0179,2023-01-19,50,0,Desktop
A00054,V0184,M0037,2023-01-20,94,0,Tablet
A00055,V0179,M0119,2023-01-20,27,0,Desktop
A00056,V0198,M0057,2023-01-21,68,0,TV
A00057,V0128,M0008,2023-01-21,135,1,Desktop
A00058,V0020,M0095,2023-01-21,33,0,TV
A00059,V0472,M0117,2023-01-22,142,0,Tablet
A00060,V0411,M0110,2023-01-22,68,0,Mobile
A00061,V0422,M0020,2023-01-22,31,0,Desktop
A00062,V0328,M0124,2023-01-23,79,0,Mobile
A00063,V0065,M0053,2023-01-23,43,0,Desktop
A00064,V0182,M0119,2023-01-24,22,0,Mobile
A00065,V0241,M0012,2023-01-24,58,0,TV
A00066,V0369,M0177,2023-01-24,128,1,Mobile
A00067,V0024,M0017,2023-01-25,53,0,Desktop
A00068,V0384,M0064,2023-01-25,38,0,TV
A00069,V0431,M0042,2023-01-25,141,1,Mobile
A00070,V0455,M0094,2023-01-26,98,0,Tablet
A00071,V0083,M0157,2023-01-26,89,0,TV
A00072,V0470,M0147,2023-01-26,55,0,Desktop
A00073,V0319,M0011,2023-01-27,144,1,Desktop
A00074,V0185,M0098,2023-01-27,40,0,Mobile
A00075,V0439,M0178,2023-01-28,58,0,TV
A00076,V0316,M0071,2023-01-28,9,0,Mobile
A00077,V0099,M0108,2023-01-28,84,0,TV
A00078,V0062,M0058,2023-01-29,50,0,TV
A00079,V0286,M0034,2023-01-29,69,0,Mobile
A00080,V0477,M0020,2023-01-29,61,0,TV
A00081,V0022,M0050,2023-01-30,21,0,Mobile
A00082,V0459,M0102,2023-01-30,89,0,Tablet
A00083,V0212,M0138,2023-01-30,138,1,Mobile
A00084,V0126,M0160,2023-01-31,101,1,Desktop
A00085,V0413,M0052,2023-01-31,24,0,Mobile
A00086,V0499,M0015,2023-02-01,118,0,TV
A00087,V0425,M0084,2023-02-01,103,0,Desktop
A00088,V0042,M0131,2023-02-01,54,0,Mobile
A00089,V0098,M0037,2023-02-02,19,0,Desktop
A00090,V0449,M0126,2023-02-02,92,0,Desktop
A00091,V0031,M0040,2023-02-02,160,1,TV
A00092,V0158,M0072,2023-02-03,77,0,TV
A00093,V0112,M0040,2023-02-03,82,0,Desktop
A00094,V0402,M0056,2023-02-03,74,0,Mobile
A00095,V0247,M0151,2023-02-04,38,0,Mobile
A00096,V0122,M0104,2023-02-04,91,0,Desktop
A00097,V0273,M0139,2023-02-05,137,0,Desktop
A00098,V0294,M0110,2023-02-05,28,0,Mobile
A00099,V0398,M0192,2023-02-05,149,1,Mobile
A00100,V0471,M0136,2023-02-06,53,0,Desktop
A00101,V0473,M0093,2023-02-06,179,1,Tablet
A00102,V0207,M0094,2023-02-06,52,0,Mobile
A00103,V0110,M0056,2023-02-07,33,0,Desktop
A00104,V0440,M0060,2023-02-07,44,0,TV
A00105,V0278,M0138,2023-02-07,76,0,TV
A00106,V0451,M0039,2023-02-08,18,0,Mobile
A00107,V0056,M0028,2023-02-08,62,0,Desktop
A00108,V0375,M0049,2023-02-09,117,0,TV
A00109,V0403,M0164,2023-02-09,85,0,Mobile
A00110,V0057,M0125,2023-02-09,22,0,Desktop
A00111,V0428,M0013,2023-02-10,89,0,Mobile
A00112,V0482,M0036,2023-02-10,13,0,Mobile
A00113,V0291,M0101,2023-02-10,75,0,Desktop
A00114,V0114,M0026,2023-02-11,26,0,TV
A00115,V0381,M0086,2023-02-11,84,1,Mobile
A00116,V0385,M0004,2023-02-11,71,0,Desktop
A00117,V0308,M0082,2023-02-12,54,0,Desktop
A00118,V0341,M0192,2023-02-12,83,0,Desktop
A00119,V0477,M0166,2023-02-13,33,0,TV
A00120,V0198,M0127,2023-02-13,33,0,Mobile
A00121,V0421,M0088,2023-02-13,122,1,Tablet
A00122,V0321,M0127,2023-02-14,84,1,Desktop
A00123,V0179,M0120,2023-02-14,9,0,Desktop
A00124,V0385,M0022,2023-02-14,57,0,TV
A00125,V0219,M0130,2023-02-15,58,0,Mobile
A00126,V0277,M0031,2023-02-15,77,0,Mobile
A00127,V0437,M0119,2023-02-16,30,0,TV
A00128,V0016,M0011,2023-02-16,46,0,Desktop
A00129,V0492,M0046,2023-02-16,49,0,TV
A00130,V0379,M0096,2023-02-17,68,0,Tablet
A00131,V0061,M0190,2023-02-17,73,0,Mobile
A00132,V0054,M0197,2023-02-17,60,0,Desktop
A00133,V0168,M0192,2023-02-18,158,1,Desktop
A00134,V0026,M0010,2023-02-18,65,0,Mobile
A00135,V0336,M0168,2023-02-18,98,1,TV
A00136,V0476,M0128,2023-02-19,47,0,TV
A00137,V0065,M0152,2023-02-19,32,0,Desktop
A00138,V0100,M0099,2023-02-20,133,1,Mobile
A00139,V0074,M0172,2023-02-20,42,0,Mobile
A00140,V0192,M0112,2023-02-20,32,0,Mobile
A00141,V0171,M0060,2023-02-21,39,0,TV
A00142,V0273,M0190,2023-02-21,20,0,Mobile
A00143,V0377,M0087,2023-02-21,90,0,TV
A00144,V0187,M0145,2023-02-22,92,1,TV
A00145,V0023,M0065,2023-02-22,137,1,TV
A00146,V0391,M0057,2023-02-22,99,1,Desktop
A00147,V0428,M0183,2023-02-23,30,0,TV
A00148,V0181,M0106,2023-02-23,61,0,Desktop
A00149,V0327,M0181,2023-02-24,10,0,TV
A00150,V0108,M0184,2023-02-24,83,1,Desktop
A00151,V0335,M0009,2023-02-24,78,0,Desktop
A00152,V0162,M0022,2023-02-25,60,0,Desktop
A00153,V0302,M0141,2023-02-25,113,0,Mobile
A00154,V0493,M0089,2023-02-25,47,0,Desktop
A00155,V0452,M0176,2023-02-26,38,0,Tablet
A00156,V0206,M0018,2023-02-26,157,1,Mobile
A00157,V0078,M0115,2023-02-26,159,1,Mobile
A00158,V0016,M0168,2023-02-27,38,0,Mobile
A00159,V0327,M0145,2023-02-27,56,0,Desktop
A00160,V0096,M0143,2023-02-28,150,1,Mobile
A00161,V0147,M0106,2023-02-28,13,0,Desktop
A00162,V0002,M0015,2023-02-28,74,0,Mobile
A00163,V0010,M0063,2023-03-01,30,0,Mobile
A00164,V0434,M0167,2023-03-01,96,0,TV
A00165,V0125,M0013,2023-03-01,17,0,Mobile
A00166,V0081,M0081,2023-03-02,79,0,Tablet
A00167,V0485,M0032,2023-03-02,39,0,Mobile
A00168,V0140,M0137,2023-03-02,52,0,Desktop
A00169,V0326,M0040,2023-03-03,161,1,Mobile
A00170,V0150,M0148,2023-03-03,94,0,Mobile
A00171,V0288,M0082,2023-03-04,84,1,Tablet
A00172,V0361,M0077,2023-03-04,90,0,TV
A00173,V0340,M0191,2023-03-04,22,0,Mobile
A00174,V0129,M0076,2023-03-05,40,0,Desktop
A00175,V0438,M0172,2023-03-05,78,1,Desktop
A00176,V0239,M0038,2023-03-05,35,0,Mobile
A00177,V0058,M0188,2023-03-06,31,0,Mobile
A00178,V0198,M0071,2023-03-06,59,0,Tablet
A00179,V0211,M0048,2023-03-07,34,0,Tablet
A00180,V0402,M0018,2023-03-07,55,0,Tablet
A00181,V0390,M0144,2023-03-07,98,1,TV
A00182,V0045,M0183,2023-03-08,127,1,TV
A00183,V0097,M0039,2023-03-08,53,0,Mobile
A00184,V0279,M0196,2023-03-08,151,1,Mobile
A00185,V0023,M0187,2023-03-09,60,0,Mobile
A00186,V0410,M0089,2023-03-09,75,0,TV
A00187,V0461,M0062,2023-03-09,14,0,TV
A00188,V0391,M0141,2023-03-10,31,0,TV
A00189,V0335,M0109,2023-03-10,74,0,Tablet
A00190,V0044,M0081,2023-03-11,156,1,TV
A00191,V0027,M0134,2023-03-11,111,0,Tablet
A00192,V0282,M0077,2023-03-11,29,0,Mobile
A00193,V0097,M0188,2023-03-12,33,0,TV
A00194,V0463,M0090,2023-03-12,149,0,Desktop
A00195,V0036,M0014,2023-03-12,23,0,Mobile
A00196,V0109,M0095,2023-03-13,44,0,Tablet
A00197,V0055,M0054,2023-03-13,15,0,TV
A00198,V0192,M0132,2023-03-13,13,0,Mobile
A00199,V0219,M0039,2023-03-14,80,0,Mobile
A00200,V0185,M0072,2023-03-14,83,0,TV
A00201,V0069,M0025,2023-03-15,67,0,Desktop
A00202,V0317,M0077,2023-03-15,39,0,Tablet
A00203,V0130,M0160,2023-03-15,88,0,Mobile
A00204,V0055,M0187,2023-03-16,26,0,Mobile
A00205,V0378,M0191,2023-03-16,100,0,Mobile
A00206,V0097,M0166,2023-03-16,151,1,Mobile
A00207,V0336,M0120,2023-03-17,22,0,Mobile
A00208,V0087,M0053,2023-03-17,113,1,Tablet
A00209,V0294,M0195,2023-03-17,33,0,Mobile
A00210,V0119,M0156,2023-03-18,111,0,Desktop
A00211,V0208,M0131,2023-03-18,58,0,Mobile
A00212,V0334,M0150,2023-03-19,82,1,Mobile
A00213,V0413,M0096,2023-03-19,27,0,TV
A00214,V0154,M0166,2023-03-19,72,0,Desktop
A00215,V0035,M0200,2023-03-20,173,1,TV
A00216,V0079,M0072,2023-03-20,67,0,Desktop
A00217,V0067,M0062,2023-03-20,64,0,Mobile
A00218,V0343,M0185,2023-03-21,58,0,Desktop
A00219,V0413,M0006,2023-03-21,133,0,Mobile
A00220,V0034,M0032,2023-03-21,14,0,TV
A00221,V0097,M0099,2023-03-22,19,0,Mobile
A00222,V0169,M0138,2023-03-22,99,0,TV
A00223,V0169,M0131,2023-03-23,54,0,Mobile
A00224,V0151,M0187,2023-03-23,85,1,TV
A00225,V0071,M0076,2023-03-23,129,1,Tablet
A00226,V0003,M0177,2023-03-24,108,0,Desktop
A00227,V0314,M0059,2023-03-24,69,0,Desktop
A00228,V0032,M0031,2023-03-24,82,0,Tablet
A00229,V0287,M0093,2023-03-25,39,0,Desktop
A00230,V0082,M0069,2023-03-25,134,0,Mobile
A00231,V0043,M0190,2023-03-25,41,0,Mobile
A00232,V0391,M0052,2023-03-26,35,0,TV
A00233,V0105,M0089,2023-03-26,82,0,TV
A00234,V0001,M0127,2023-03-27,53,0,Mobile
A00235,V0061,M0169,2023-03-27,79,1,Mobile
A00236,V0270,M0031,2023-03-27,34,0,Tablet
A00237,V0180,M0084,2023-03-28,95,0,Mobile
A00238,V0224,M0127,2023-03-28,15,0,Desktop
A00239,V0006,M0150,2023-03-28,58,0,Mobile
A00240,V0103,M0132,2023-03-29,63,0,TV
A00241,V0010,M0013,2023-03-29,95,0,Mobile
A00242,V0071,M0045,2023-03-30,29,0,TV
A00243,V0090,M0127,2023-03-30,11,0,Mobile
A00244,V0226,M0170,2023-03-30,25,0,TV
A00245,V0158,M0114,2023-03-31,106,0,TV
A00246,V0228,M0177,2023-03-31,138,1,Mobile
A00247,V0405,M0020,2023-03-31,42,0,Desktop
A00248,V0126,M0081,2023-04-01,130,0,Desktop
A00249,V0444,M0182,2023-04-01,98,1,Mobile
A00250,V0209,M0164,2023-04-01,63,0,TV
A00251,V0097,M0129,2023-04-02,77,0,Mobile
A00252,V0074,M0143,2023-04-02,131,0,TV
A00253,V0115,M0017,2023-04-03,43,0,Mobile
A00254,V0191,M0152,2023-04-03,51,0,Mobile
A00255,V0495,M0058,2023-04-03,14,0,Mobile
A00256,V0170,M0072,2023-04-04,110,1,Desktop
A00257,V0307,M0109,2023-04-04,102,1,Desktop
A00258,V0448,M0023,2023-04-04,81,0,TV
A00259,V0204,M0174,2023-04-05,25,0,Mobile
A00260,V0056,M0072,2023-04-05,57,0,Mobile
A00261,V0208,M0008,2023-04-05,26,0,TV
A00262,V0041,M0059,2023-04-06,9,0,TV
A00263,V0032,M0111,2023-04-06,92,0,Mobile
A00264,V0015,M0187,2023-04-07,85,1,Desktop
A00265,V0062,M0013,2023-04-07,138,1,Mobile
A00266,V0155,M0167,2023-04-07,126,0,TV
A00267,V0284,M0156,2023-04-08,33,0,TV
A00268,V0209,M0189,2023-04-08,36,0,TV
A00269,V0320,M0016,2023-04-08,68,0,TV
A00270,V0494,M0119,2023-04-09,142,0,Mobile
A00271,V0187,M0002,2023-04-09,75,0,TV
A00272,V0498,M0145,2023-04-09,47,0,Desktop
A00273,V0442,M0030,2023-04-10,65,0,Mobile
A00274,V0130,M0103,2023-04-10,15,0,Desktop
A00275,V0127,M0013,2023-04-11,54,0,Tablet
A00276,V0292,M0096,2023-04-11,40,0,TV
A00277,V0114,M0094,2023-04-11,23,0,Mobile
A00278,V0199,M0082,2023-04-12,49,0,TV
A00279,V0013,M0013,2023-04-12,132,1,TV
A00280,V0271,M0171,2023-04-12,71,0,Mobile
A00281,V0089,M0094,2023-04-13,19,0,Desktop
A00282,V0215,M0149,2023-04-13,46,0,TV
A00283,V0444,M0112,2023-04-13,66,0,Desktop
A00284,V0278,M0055,2023-04-14,36,0,Mobile
A00285,V0447,M0081,2023-04-14,72,0,TV
A00286,V0474,M0168,2023-04-15,62,0,Tablet
A00287,V0481,M0116,2023-04-15,97,0,TV
A00288,V0203,M0143,2023-04-15,128,0,TV
A00289,V0074,M0180,2023-04-16,44,0,Mobile
A00290,V0025,M0108,2023-04-16,102,0,Mobile
A00291,V0101,M0053,2023-04-16,48,0,Desktop
A00292,V0176,M0128,2023-04-17,13,0,Mobile
A00293,V0427,M0180,2023-04-17,65,0,TV
A00294,V0117,M0158,2023-04-17,114,0,Mobile
A00295,V0166,M0161,2023-04-18,135,1,Desktop
A00296,V0041,M0057,2023-04-18,79,0,Mobile
A00297,V0429,M0052,2023-04-19,84,1,Tablet
A00298,V0344,M0137,2023-04-19,82,1,Mobile
A00299,V0424,M0182,2023-04-19,72,0,Mobile
A00300,V0366,M0111,2023-04-20,81,0,Mobile
A00301,V0120,M0001,2023-04-20,100,0,TV
A00302,V0097,M0044,2023-04-20,150,1,Mobile
A00303,V0145,M0075,2023-04-21,77,0,Mobile
A00304,V0216,M0098,2023-04-21,33,0,Mobile
A00305,V0229,M0009,2023-04-22,150,0,TV
A00306,V0313,M0032,2023-04-22,33,0,Mobile
A00307,V0130,M0015,2023-04-22,79,0,Mobile
A00308,V0352,M0140,2023-04-23,26,0,Mobile
A00309,V0377,M0185,2023-04-23,128,0,Desktop
A00310,V0318,M0136,2023-04-23,139,1,TV
A00311,V0472,M0072,2023-04-24,41,0,Desktop
A00312,V0137,M0155,2023-04-24,29,0,Tablet
A00313,V0324,M0190,2023-04-24,52,0,Tablet
A00314,V0337,M0012,2023-04-25,61,0,Mobile
A00315,V0273,M0065,2023-04-25,57,0,TV
A00316,V0117,M0107,2023-04-26,42,0,TV
A00317,V0306,M0042,2023-04-26,41,0,TV
A00318,V0368,M0190,2023-04-26,78,0,Desktop
A00319,V0094,M0115,2023-04-27,57,0,Desktop
A00320,V0168,M0139,2023-04-27,135,0,Desktop
A00321,V0442,M0103,2023-04-27,18,0,TV
A00322,V0203,M0171,2023-04-28,79,0,Mobile
A00323,V0341,M0095,2023-04-28,24,0,Mobile
A00324,V0149,M0017,2023-04-28,71,0,Mobile
A00325,V0402,M0160,2023-04-29,37,0,Mobile
A00326,V0183,M0085,2023-04-29,93,0,Desktop
A00327,V0413,M0168,2023-04-30,102,1,Mobile
A00328,V0152,M0151,2023-04-30,128,1,Mobile
A00329,V0074,M0056,2023-04-30,81,0,Tablet
A00330,V0365,M0134,2023-05-01,86,0,Desktop
A00331,V0401,M0086,2023-05-01,76,0,TV
A00332,V0274,M0178,2023-05-01,62,0,Mobile
A00333,V0042,M0102,2023-05-02,35,0,Mobile
A00334,V0496,M0165,2023-05-02,139,0,TV
A00335,V0212,M0192,2023-05-02,81,0,TV
A00336,V0101,M0054,2023-05-03,32,0,Mobile
A00337,V0045,M0200,2023-05-03,63,0,Tablet
A00338,V0082,M0177,2023-05-04,49,0,Tablet
A00339,V0017,M0115,2023-05-04,94,0,Tablet
A00340,V0073,M0139,2023-05-04,54,0,Desktop
A00341,V0014,M0088,2023-05-05,28,0,Mobile
A00342,V0433,M0049,2023-05-05,38,0,Desktop
A00343,V0157,M0149,2023-05-05,107,0,TV
A00344,V0223,M0115,2023-05-06,126,0,Mobile
A00345,V0132,M0194,2023-05-06,40,0,TV
A00346,V0338,M0063,2023-05-06,20,0,Mobile
A00347,V0404,M0104,2023-05-07,24,0,Desktop
A00348,V0376,M0083,2023-05-07,109,1,Mobile
A00349,V0376,M0103,2023-05-08,60,0,TV
A00350,V0047,M0156,2023-05-08,92,0,Mobile
A00351,V0107,M0017,2023-05-08,17,0,TV
A00352,V0108,M0006,2023-05-09,137,0,Desktop
A00353,V0265,M0147,2023-05-09,99,0,TV
A00354,V0205,M0184,2023-05-09,26,0,Tablet
A00355,V0079,M0028,2023-05-10,19,0,TV
A00356,V0155,M0194,2023-05-10,46,0,Tablet
A00357,V0271,M0038,2023-05-11,70,0,Mobile
A00358,V0476,M0119,2023-05-11,159,1,Mobile
A00359,V0485,M0037,2023-05-11,113,0,Mobile
A00360,V0247,M0115,2023-05-12,125,0,Mobile
A00361,V0019,M0068,2023-05-12,30,0,TV
A00362,V0346,M0177,2023-05-12,92,0,Mobile
A00363,V0436,M0043,2023-05-13,67,0,Desktop
A00364,V0026,M0164,2023-05-13,31,0,Desktop
A00365,V0217,M0058,2023-05-13,131,1,Desktop
A00366,V0154,M0013,2023-05-14,41,0,Desktop
A00367,V0154,M0052,2023-05-14,34,0,TV
A00368,V0174,M0058,2023-05-15,96,0,Mobile
A00369,V0092,M0032,2023-05-15,89,0,Mobile
A00370,V0433,M0105,2023-05-15,61,0,Desktop
A00371,V0338,M0188,2023-05-16,32,0,TV
A00372,V0480,M0083,2023-05-16,102,1,Desktop
A00373,V0181,M0186,2023-05-16,74,0,TV
A00374,V0131,M0099,2023-05-17,74,0,Desktop
A00375,V0450,M0104,2023-05-17,112,1,Desktop
A00376,V0481,M0184,2023-05-17,73,0,Mobile
A00377,V0298,M0028,2023-05-18,20,0,Desktop
A00378,V0275,M0129,2023-05-18,85,0,TV
A00379,V0273,M0170,2023-05-19,22,0,Mobile
A00380,V0492,M0048,2023-05-19,11,0,Mobile
A00381,V0417,M0040,2023-05-19,77,0,TV
A00382,V0076,M0097,2023-05-20,151,1,Mobile
A00383,V0177,M0191,2023-05-20,43,0,Mobile
A00384,V0184,M0200,2023-05-20,127,0,TV
A00385,V0319,M0114,2023-05-21,40,0,Mobile
A00386,V0131,M0132,2023-05-21,60,0,TV
A00387,V0363,M0166,2023-05-21,87,0,Mobile
A00388,V0049,M0155,2023-05-22,123,0,TV
A00389,V0055,M0137,2023-05-22,25,0,Desktop
A00390,V0154,M0111,2023-05-23,109,0,TV
A00391,V0355,M0144,2023-05-23,98,1,Mobile
A00392,V0200,M0184,2023-05-23,67,0,TV
A00393,V0308,M0076,2023-05-24,76,0,Desktop
A00394,V0356,M0031,2023-05-24,110,1,Desktop
A00395,V0373,M0119,2023-05-24,19,0,Desktop
A00396,V0118,M0142,2023-05-25,139,0,TV
A00397,V0263,M0025,2023-05-25,150,1,Tablet
A00398,V0046,M0034,2023-05-25,20,0,Mobile
A00399,V0302,M0067,2023-05-26,48,0,Mobile
A00400,V0356,M0152,2023-05-26,39,0,TV
A00401,V0400,M0118,2023-05-27,70,0,Mobile
A00402,V0408,M0073,2023-05-27,103,0,Tablet
A00403,V0189,M0026,2023-05-27,67,0,Desktop
A00404,V0310,M0148,2023-05-28,59,0,TV
A00405,V0318,M0192,2023-05-28,58,0,Mobile
A00406,V0129,M0104,2023-05-28,50,0,Mobile
A00407,V0049,M0010,2023-05-29,23,0,TV
A00408,V0025,M0067,2023-05-29,85,1,Tablet
A00409,V0266,M0152,2023-05-29,14,0,Tablet
A00410,V0118,M0005,2023-05-30,115,1,Mobile
A00411,V0464,M0195,2023-05-30,79,0,Mobile
A00412,V0144,M0186,2023-05-31,51,0,Mobile
A00413,V0442,M0027,2023-05-31,99,0,TV
A00414,V0200,M0113,2023-05-31,55,0,Mobile
A00415,V0157,M0015,2023-06-01,87,0,Mobile
A00416,V0487,M0163,2023-06-01,30,0,Mobile
A00417,V0348,M0105,2023-06-01,37,0,Mobile
A00418,V0134,M0181,2023-06-02,25,0,Tablet
A00419,V0400,M0044,2023-06-02,17,0,Desktop
A00420,V0148,M0026,2023-06-03,76,0,Mobile
A00421,V0336,M0175,2023-06-03,22,0,Mobile
A00422,V0071,M0162,2023-06-03,31,0,Mobile
A00423,V0233,M0095,2023-06-04,14,0,Mobile
A00424,V0334,M0178,2023-06-04,16,0,Mobile
A00425,V0299,M0084,2023-06-04,40,0,TV
A00426,V0154,M0140,2023-06-05,90,1,Mobile
A00427,V0090,M0132,2023-06-05,7,0,Mobile
A00428,V0334,M0087,2023-06-05,117,0,Mobile
A00429,V0199,M0176,2023-06-06,23,0,TV
A00430,V0161,M0183,2023-06-06,135,1,Desktop
A00431,V0026,M0112,2023-06-07,22,0,TV
A00432,V0121,M0129,2023-06-07,105,1,Desktop
A00433,V0301,M0089,2023-06-07,63,0,TV
A00434,V0212,M0066,2023-06-08,16,0,Mobile
A00435,V0063,M0158,2023-06-08,165,1,Tablet
A00436,V0451,M0131,2023-06-08,76,0,Mobile
A00437,V0436,M0122,2023-06-09,45,0,Desktop
A00438,V0068,M0149,2023-06-09,135,0,TV
A00439,V0253,M0084,2023-06-09,138,1,Desktop
A00440,V0410,M0177,2023-06-10,78,0,Tablet
A00441,V0459,M0116,2023-06-10,59,0,Desktop
A00442,V0002,M0190,2023-06-11,116,0,TV
A00443,V0398,M0116,2023-06-11,111,0,TV
A00444,V0108,M0038,2023-06-11,74,1,Tablet
A00445,V0286,M0143,2023-06-12,113,0,Tablet
A00446,V0049,M0110,2023-06-12,39,0,TV
A00447,V0140,M0180,2023-06-12,102,1,TV
A00448,V0218,M0046,2023-06-13,29,0,Mobile
A00449,V0044,M0025,2023-06-13,56,0,Mobile
A00450,V0417,M0021,2023-06-13,102,0,TV
A00451,V0269,M0121,2023-06-14,59,0,Tablet
A00452,V0078,M0122,2023-06-14,15,0,TV
A00453,V0216,M0133,2023-06-15,75,0,Tablet
A00454,V0382,M0070,2023-06-15,52,0,TV
A00455,V0098,M0113,2023-06-15,46,0,Mobile
A00456,V0236,M0107,2023-06-16,102,0,Mobile
A00457,V0282,M0112,2023-06-16,55,0,Mobile
A00458,V0149,M0108,2023-06-16,17,0,Mobile
A00459,V0412,M0047,2023-06-17,35,0,Desktop
A00460,V0304,M0196,2023-06-17,151,1,Tablet
A00461,V0484,M0091,2023-06-17,24,0,TV
A00462,V0424,M0018,2023-06-18,68,0,Desktop
A00463,V0066,M0149,2023-06-18,94,0,Mobile
A00464,V0234,M0104,2023-06-19,63,0,Mobile
A00465,V0457,M0151,2023-06-19,13,0,Desktop
A00466,V0087,M0192,2023-06-19,92,0,Mobile
A00467,V0079,M0195,2023-06-20,57,0,Mobile
A00468,V0205,M0040,2023-06-20,161,1,Desktop
A00469,V0279,M0138,2023-06-20,37,0,Mobile
A00470,V0337,M0089,2023-06-21,41,0,Tablet
A00471,V0254,M0180,2023-06-21,51,0,Mobile
A00472,V0304,M0200,2023-06-22,81,0,Mobile
A00473,V0380,M0061,2023-06-22,81,0,Mobile
A00474,V0130,M0192,2023-06-22,48,0,Mobile
A00475,V0084,M0005,2023-06-23,38,0,TV
A00476,V0276,M0122,2023-06-23,103,0,TV
A00477,V0187,M0181,2023-06-23,45,0,Desktop
A00478,V0046,M0055,2023-06-24,41,0,TV
A00479,V0387,M0037,2023-06-24,44,0,Mobile
A00480,V0183,M0056,2023-06-24,34,0,TV
A00481,V0268,M0187,2023-06-25,9,0,Mobile
A00482,V0296,M0102,2023-06-25,24,0,Mobile
A00483,V0322,M0093,2023-06-26,112,0,TV
A00484,V0100,M0197,2023-06-26,101,1,TV
A00485,V0078,M0073,2023-06-26,53,0,TV
A00486,V0272,M0059,2023-06-27,32,0,Mobile
A00487,V0339,M0002,2023-06-27,18,0,Mobile
A00488,V0162,M0193,2023-06-27,62,0,Tablet
A00489,V0044,M0104,2023-06-28,15,0,Mobile
A00490,V0238,M0188,2023-06-28,154,1,Mobile
A00491,V0134,M0051,2023-06-28,88,0,Mobile
A00492,V0461,M0030,2023-06-29,131,1,Mobile
A00493,V0192,M0011,2023-06-29,140,1,Mobile
A00494,V0356,M0108,2023-06-30,65,0,Desktop
A00495,V0278,M0076,2023-06-30,80,0,Desktop
A00496,V0018,M0167,2023-06-30,46,0,Tablet
A00497,V0012,M0090,2023-07-01,89,0,Mobile
A00498,V0180,M0123,2023-07-01,88,1,Mobile
A00499,V0123,M0200,2023-07-01,25,0,Desktop
A00500,V0246,M0191,2023-07-02,150,1,Desktop
A00501,V0222,M0192,2023-07-02,67,0,Desktop
A00502,V0373,M0189,2023-07-02,95,1,TV
A00503,V0051,M0125,2023-07-03,177,1,Mobile
A00504,V0488,M0182,2023-07-03,78,0,TV
A00505,V0071,M0122,2023-07-04,95,0,Desktop
A00506,V0480,M0094,2023-07-04,59,0,Mobile
A00507,V0048,M0103,2023-07-04,95,0,TV
A00508,V0019,M0186,2023-07-05,123,1,Desktop
A00509,V0262,M0184,2023-07-05,76,0,Mobile
A00510,V0084,M0162,2023-07-05,62,0,Mobile
A00511,V0155,M0031,2023-07-06,76,0,Mobile
A00512,V0053,M0052,2023-07-06,78,0,Desktop
A00513,V0107,M0089,2023-07-06,57,0,Mobile
A00514,V0357,M0076,2023-07-07,116,0,Mobile
A00515,V0304,M0129,2023-07-07,61,0,Mobile
A00516,V0135,M0183,2023-07-08,22,0,TV
A00517,V0443,M0022,2023-07-08,39,0,TV
A00518,V0069,M0040,2023-07-08,84,0,TV
A00519,V0011,M0101,2023-07-09,23,0,Mobile
A00520,V0143,M0111,2023-07-09,26,0,Tablet
A00521,V0192,M0129,2023-07-09,63,0,TV
A00522,V0387,M0065,2023-07-10,25,0,TV
A00523,V0378,M0191,2023-07-10,63,0,Desktop
A00524,V0069,M0182,2023-07-10,86,0,Desktop
A00525,V0023,M0170,2023-07-11,120,1,TV
A00526,V0181,M0149,2023-07-11,128,0,Mobile
A00527,V0293,M0079,2023-07-12,165,1,Desktop
A00528,V0009,M0022,2023-07-12,65,0,TV
A00529,V0271,M0166,2023-07-12,57,0,TV
A00530,V0387,M0099,2023-07-13,100,0,Tablet
A00531,V0093,M0008,2023-07-13,103,0,TV
A00532,V0454,M0190,2023-07-13,62,0,Mobile
A00533,V0017,M0175,2023-07-14,14,0,Mobile
A00534,V0154,M0017,2023-07-14,96,0,Desktop
A00535,V0405,M0017,2023-07-15,15,0,Desktop
A00536,V0328,M0090,2023-07-15,116,0,Mobile
A00537,V0149,M0141,2023-07-15,37,0,Mobile
A00538,V0377,M0145,2023-07-16,65,0,Desktop
A00539,V0267,M0166,2023-07-16,87,0,TV
A00540,V0422,M0081,2023-07-16,18,0,Tablet
A00541,V0328,M0078,2023-07-17,50,0,TV
A00542,V0106,M0173,2023-07-17,104,0,TV
A00543,V0472,M0006,2023-07-17,157,1,Desktop
A00544,V0381,M0163,2023-07-18,138,1,Tablet
A00545,V0035,M0110,2023-07-18,66,0,Desktop
A00546,V0119,M0014,2023-07-19,80,0,TV
A00547,V0014,M0072,2023-07-19,44,0,Tablet
A00548,V0014,M0189,2023-07-19,42,0,Tablet
A00549,V0266,M0143,2023-07-20,42,0,Mobile
A00550,V0140,M0054,2023-07-20,73,0,Mobile
A00551,V0294,M0027,2023-07-20,50,0,Mobile
A00552,V0364,M0013,2023-07-21,26,0,Mobile
A00553,V0119,M0159,2023-07-21,103,0,Mobile
A00554,V0238,M0163,2023-07-21,113,0,Mobile
A00555,V0034,M0060,2023-07-22,45,0,Mobile
A00556,V0169,M0006,2023-07-22,30,0,Desktop
A00557,V0010,M0197,2023-07-23,54,0,TV
A00558,V0122,M0058,2023-07-23,72,0,Mobile
A00559,V0401,M0049,2023-07-23,129,0,TV
A00560,V0145,M0151,2023-07-24,52,0,TV
A00561,V0451,M0162,2023-07-24,68,0,Desktop
A00562,V0446,M0026,2023-07-24,161,1,Tablet
A00563,V0223,M0047,2023-07-25,42,0,Mobile
A00564,V0371,M0005,2023-07-25,123,1,Mobile
A00565,V0257,M0020,2023-07-25,66,0,Desktop
A00566,V0268,M0134,2023-07-26,56,0,Mobile
A00567,V0359,M0198,2023-07-26,86,0,Desktop
A00568,V0004,M0059,2023-07-27,14,0,Mobile
A00569,V0426,M0192,2023-07-27,35,0,Mobile
A00570,V0397,M0146,2023-07-27,40,0,Mobile
A00571,V0354,M0132,2023-07-28,63,0,Mobile
A00572,V0106,M0017,2023-07-28,120,1,Desktop
A00573,V0085,M0014,2023-07-28,74,0,Desktop
A00574,V0214,M0013,2023-07-29,28,0,Mobile
A00575,V0121,M0135,2023-07-29,96,0,Mobile
A00576,V0132,M0128,2023-07-29,62,0,Mobile
A00577,V0338,M0044,2023-07-30,129,0,Mobile
A00578,V0197,M0119,2023-07-30,152,0,TV
A00579,V0019,M0143,2023-07-31,138,1,Mobile
A00580,V0130,M0019,2023-07-31,44,0,TV
A00581,V0012,M0063,2023-07-31,119,0,TV
A00582,V0081,M0163,2023-08-01,52,0,Mobile
A00583,V0330,M0081,2023-08-01,164,1,Desktop
A00584,V0354,M0163,2023-08-01,39,0,Tablet
A00585,V0262,M0147,2023-08-02,18,0,TV
A00586,V0392,M0148,2023-08-02,26,0,Desktop
A00587,V0125,M0100,2023-08-02,114,0,TV
A00588,V0307,M0163,2023-08-03,77,0,TV
A00589,V0267,M0160,2023-08-03,53,0,Mobile
A00590,V0447,M0122,2023-08-04,131,1,TV
A00591,V0441,M0176,2023-08-04,96,1,Desktop
A00592,V0383,M0044,2023-08-04,59,0,Desktop
A00593,V0140,M0104,2023-08-05,33,0,Tablet
A00594,V0329,M0152,2023-08-05,121,1,TV
A00595,V0002,M0061,2023-08-05,106,1,Mobile
A00596,V0008,M0125,2023-08-06,109,0,Mobile
A00597,V0250,M0145,2023-08-06,71,0,Desktop
A00598,V0139,M0071,2023-08-07,26,0,TV
A00599,V0124,M0107,2023-08-07,101,0,TV
A00600,V0309,M0050,2023-08-07,56,0,Tablet
A00601,V0228,M0065,2023-08-08,80,0,TV
A00602,V0010,M0099,2023-08-08,21,0,Desktop
A00603,V0469,M0032,2023-08-08,123,1,Mobile
A00604,V0212,M0164,2023-08-09,73,0,Desktop
A00605,V0112,M0141,2023-08-09,41,0,TV
A00606,V0008,M0198,2023-08-09,116,0,Desktop
A00607,V0292,M0058,2023-08-10,104,0,Desktop
A00608,V0477,M0128,2023-08-10,53,0,Desktop
A00609,V0362,M0142,2023-08-11,137,0,Mobile
A00610,V0460,M0165,2023-08-11,103,0,Mobile
A00611,V0253,M0112,2023-08-11,121,1,Desktop
A00612,V0014,M0068,2023-08-12,21,0,Mobile
A00613,V0240,M0040,2023-08-12,32,0,Mobile
A00614,V0438,M0187,2023-08-12,22,0,Mobile
A00615,V0242,M0144,2023-08-13,74,0,Desktop
A00616,V0469,M0190,2023-08-13,97,0,Mobile
A00617,V0342,M0132,2023-08-13,72,1,TV
A00618,V0149,M0173,2023-08-14,124,0,Desktop
A00619,V0236,M0090,2023-08-14,96,0,TV
A00620,V0306,M0028,2023-08-15,97,1,TV
A00621,V0478,M0096,2023-08-15,27,0,Mobile
A00622,V0167,M0194,2023-08-15,90,0,Desktop
A00623,V0020,M0031,2023-08-16,57,0,Tablet
A00624,V0216,M0003,2023-08-16,95,0,TV
A00625,V0343,M0136,2023-08-16,117,0,Tablet
A00626,V0135,M0024,2023-08-17,88,0,TV
A00627,V0393,M0015,2023-08-17,35,0,Mobile
A00628,V0129,M0171,2023-08-17,56,0,Mobile
A00629,V0410,M0159,2023-08-18,87,0,Desktop
A00630,V0422,M0045,2023-08-18,75,1,Mobile
A00631,V0294,M0194,2023-08-19,52,0,Mobile
A00632,V0246,M0008,2023-08-19,131,1,TV
A00633,V0189,M0071,2023-08-19,40,0,Mobile
A00634,V0044,M0108,2023-08-20,73,0,Mobile
A00635,V0086,M0115,2023-08-20,136,0,TV
A00636,V0044,M0103,2023-08-20,69,0,TV
A00637,V0330,M0125,2023-08-21,179,1,Mobile
A00638,V0375,M0057,2023-08-21,73,0,TV
A00639,V0446,M0030,2023-08-21,78,0,TV
A00640,V0378,M0146,2023-08-22,10,0,Desktop
A00641,V0390,M0114,2023-08-22,75,0,Mobile
A00642,V0145,M0197,2023-08-23,41,0,Mobile
A00643,V0051,M0117,2023-08-23,141,0,Desktop
A00644,V0242,M0167,2023-08-23,49,0,Mobile
A00645,V0294,M0060,2023-08-24,30,0,Tablet
A00646,V0408,M0098,2023-08-24,46,0,TV
A00647,V0051,M0171,2023-08-24,23,0,TV
A00648,V0266,M0126,2023-08-25,48,0,Tablet
A00649,V0120,M0173,2023-08-25,146,1,TV
A00650,V0200,M0151,2023-08-26,110,0,Mobile
A00651,V0405,M0197,2023-08-26,85,0,Mobile
A00652,V0248,M0094,2023-08-26,96,0,TV
A00653,V0070,M0134,2023-08-27,57,0,Mobile
A00654,V0341,M0184,2023-08-27,86,1,Desktop
A00655,V0057,M0122,2023-08-27,30,0,Desktop
A00656,V0382,M0108,2023-08-28,49,0,Tablet
A00657,V0039,M0004,2023-08-28,61,0,Desktop
A00658,V0472,M0093,2023-08-28,35,0,TV
A00659,V0289,M0151,2023-08-29,104,0,Mobile
A00660,V0443,M0006,2023-08-29,81,0,TV
A00661,V0018,M0032,2023-08-30,107,0,Mobile
A00662,V0440,M0106,2023-08-30,75,0,TV
A00663,V0220,M0146,2023-08-30,22,0,Mobile
A00664,V0313,M0015,2023-08-31,121,0,TV
A00665,V0244,M0168,2023-08-31,34,0,Mobile
A00666,V0352,M0122,2023-08-31,74,0,Mobile
A00667,V0460,M0096,2023-09-01,13,0,Desktop
A00668,V0304,M0006,2023-09-01,119,0,Desktop
A00669,V0298,M0112,2023-09-01,88,0,Mobile
A00670,V0283,M0120,2023-09-02,42,0,Mobile
A00671,V0074,M0123,2023-09-02,92,1,TV
A00672,V0110,M0191,2023-09-03,151,1,TV
A00673,V0180,M0067,2023-09-03,70,0,Mobile
A00674,V0426,M0106,2023-09-03,102,0,TV
A00675,V0032,M0139,2023-09-04,57,0,Mobile
A00676,V0234,M0043,2023-09-04,66,0,Desktop
A00677,V0282,M0145,2023-09-04,29,0,Mobile
A00678,V0025,M0096,2023-09-05,18,0,Desktop
A00679,V0331,M0132,2023-09-05,77,1,Mobile
A00680,V0279,M0191,2023-09-05,112,0,Tablet
A00681,V0226,M0196,2023-09-06,76,0,Mobile
A00682,V0057,M0081,2023-09-06,61,0,Mobile
A00683,V0180,M0041,2023-09-07,112,0,Mobile
A00684,V0232,M0133,2023-09-07,13,0,TV
A00685,V0382,M0160,2023-09-07,19,0,Desktop
A00686,V0343,M0198,2023-09-08,22,0,TV
A00687,V0477,M0035,2023-09-08,64,0,Tablet
A00688,V0287,M0022,2023-09-08,57,0,Tablet
A00689,V0064,M0193,2023-09-09,21,0,TV
A00690,V0455,M0150,2023-09-09,64,0,Mobile
A00691,V0232,M0112,2023-09-09,38,0,TV
A00692,V0289,M0011,2023-09-10,112,0,Mobile
A00693,V0213,M0003,2023-09-10,133,1,TV
A00694,V0258,M0137,2023-09-11,65,0,TV
A00695,V0018,M0060,2023-09-11,96,1,TV
A00696,V0175,M0076,2023-09-11,135,1,Desktop
A00697,V0417,M0087,2023-09-12,93,0,Desktop
A00698,V0229,M0014,2023-09-12,78,0,Tablet
A00699,V0226,M0018,2023-09-12,142,1,Mobile
A00700,V0084,M0113,2023-09-13,41,0,Mobile
A00701,V0291,M0073,2023-09-13,50,0,Desktop
A00702,V0435,M0023,2023-09-13,98,1,Tablet
A00703,V0370,M0083,2023-09-14,89,0,Mobile
A00704,V0246,M0125,2023-09-14,55,0,Mobile
A00705,V0402,M0175,2023-09-15,63,0,Mobile
A00706,V0110,M0069,2023-09-15,139,0,Mobile
A00707,V0254,M0047,2023-09-15,81,0,Tablet
A00708,V0088,M0116,2023-09-16,106,0,TV
A00709,V0072,M0030,2023-09-16,106,0,TV
A00710,V0381,M0025,2023-09-16,109,0,Desktop
A00711,V0030,M0156,2023-09-17,107,0,TV
A00712,V0172,M0112,2023-09-17,98,0,Mobile
A00713,V0309,M0025,2023-09-18,125,0,Mobile
A00714,V0394,M0074,2023-09-18,73,0,Desktop
A00715,V0343,M0058,2023-09-18,61,0,Mobile
A00716,V0436,M0094,2023-09-19,54,0,Desktop
A00717,V0177,M0119,2023-09-19,173,1,Mobile
A00718,V0139,M0127,2023-09-19,18,0,Mobile
A00719,V0194,M0169,2023-09-20,30,0,Mobile
A00720,V0186,M0025,2023-09-20,90,0,TV
A00721,V0218,M0078,2023-09-20,101,0,Mobile
A00722,V0164,M0099,2023-09-21,34,0,Tablet
A00723,V0161,M0116,2023-09-21,54,0,Mobile
A00724,V0431,M0048,2023-09-22,14,0,TV
A00725,V0013,M0010,2023-09-22,71,0,TV
A00726,V0296,M0099,2023-09-22,44,0,Tablet
A00727,V0089,M0011,2023-09-23,70,0,TV
A00728,V0324,M0085,2023-09-23,62,0,Mobile
A00729,V0042,M0149,2023-09-23,155,1,Mobile
A00730,V0403,M0173,2023-09-24,76,0,Desktop
A00731,V0210,M0135,2023-09-24,31,0,Mobile
A00732,V0229,M0192,2023-09-24,95,0,Mobile
A00733,V0350,M0126,2023-09-25,123,1,TV
A00734,V0275,M0064,2023-09-25,55,0,Desktop
A00735,V0442,M0002,2023-09-26,87,1,Desktop
A00736,V0279,M0076,2023-09-26,121,0,Tablet
A00737,V0251,M0121,2023-09-26,12,0,TV
A00738,V0310,M0042,2023-09-27,108,0,TV
A00739,V0208,M0054,2023-09-27,43,0,TV
A00740,V0321,M0075,2023-09-27,58,0,Mobile
A00741,V0140,M0016,2023-09-28,61,0,Mobile
A00742,V0280,M0018,2023-09-28,67,0,Tablet
A00743,V0034,M0187,2023-09-28,83,1,Tablet
A00744,V0309,M0090,2023-09-29,49,0,TV
A00745,V0392,M0144,2023-09-29,91,1,Desktop
A00746,V0018,M0006,2023-09-30,22,0,TV
A00747,V0057,M0185,2023-09-30,31,0,Mobile
A00748,V0112,M0108,2023-09-30,108,1,Mobile
A00749,V0005,M0175,2023-10-01,84,0,Desktop
A00750,V0410,M0048,2023-10-01,73,0,Desktop
A00751,V0414,M0042,2023-10-01,44,0,Mobile
A00752,V0182,M0076,2023-10-02,82,0,Mobile
A00753,V0013,M0188,2023-10-02,127,0,Mobile
A00754,V0339,M0077,2023-10-02,89,0,Desktop
A00755,V0285,M0132,2023-10-03,42,0,TV
A00756,V0259,M0130,2023-10-03,75,1,TV
A00757,V0090,M0059,2023-10-04,58,0,Mobile
A00758,V0104,M0155,2023-10-04,159,1,Desktop
A00759,V0379,M0027,2023-10-04,100,0,TV
A00760,V0186,M0079,2023-10-05,131,0,Desktop
A00761,V0250,M0072,2023-10-05,19,0,Mobile
A00762,V0255,M0007,2023-10-05,37,0,Desktop
A00763,V0076,M0191,2023-10-06,149,1,Tablet
A00764,V0386,M0111,2023-10-06,43,0,Mobile
A00765,V0459,M0119,2023-10-06,36,0,Mobile
A00766,V0108,M0174,2023-10-07,58,0,Desktop
A00767,V0156,M0063,2023-10-07,48,0,Desktop
A00768,V0082,M0124,2023-10-08,118,1,Mobile
A00769,V0077,M0012,2023-10-08,76,1,Mobile
A00770,V0485,M0141,2023-10-08,83,0,Mobile
A00771,V0470,M0043,2023-10-09,14,0,Tablet
A00772,V0460,M0017,2023-10-09,98,0,TV
A00773,V0258,M0063,2023-10-09,108,0,TV
A00774,V0127,M0120,2023-10-10,93,1,TV
A00775,V0485,M0036,2023-10-10,55,0,Mobile
A00776,V0391,M0008,2023-10-11,56,0,TV
A00777,V0282,M0069,2023-10-11,96,0,Desktop
A00778,V0474,M0090,2023-10-11,166,1,Mobile
A00779,V0088,M0036,2023-10-12,67,0,TV
A00780,V0204,M0028,2023-10-12,71,0,TV
A00781,V0016,M0118,2023-10-12,36,0,TV
A00782,V0151,M0093,2023-10-13,144,0,Mobile
A00783,V0424,M0175,2023-10-13,98,0,Tablet
A00784,V0254,M0076,2023-10-13,54,0,Tablet
A00785,V0188,M0101,2023-10-14,55,0,Mobile
A00786,V0329,M0158,2023-10-14,66,0,Mobile
A00787,V0032,M0151,2023-10-15,45,0,Mobile
A00788,V0271,M0144,2023-10-15,12,0,Tablet
A00789,V0485,M0014,2023-10-15,37,0,Desktop
A00790,V0397,M0071,2023-10-16,48,0,Mobile
A00791,V0005,M0180,2023-10-16,10,0,Mobile
A00792,V0459,M0124,2023-10-16,44,0,Mobile
A00793,V0330,M0125,2023-10-17,167,1,TV
A00794,V0308,M0037,2023-10-17,112,0,Desktop
A00795,V0333,M0029,2023-10-17,60,0,Tablet
A00796,V0169,M0195,2023-10-18,59,0,TV
A00797,V0181,M0143,2023-10-18,111,0,TV
A00798,V0366,M0175,2023-10-19,33,0,Mobile
A00799,V0178,M0174,2023-10-19,125,0,Mobile
A00800,V0143,M0180,2023-10-19,21,0,Desktop
A00801,V0362,M0019,2023-10-20,65,0,Mobile
A00802,V0248,M0106,2023-10-20,55,0,Mobile
A00803,V0127,M0021,2023-10-20,140,0,Tablet
A00804,V0263,M0064,2023-10-21,51,0,Desktop
A00805,V0040,M0165,2023-10-21,83,0,Mobile
A00806,V0412,M0027,2023-10-21,33,0,Mobile
A00807,V0416,M0055,2023-10-22,58,0,Mobile
A00808,V0355,M0029,2023-10-22,90,1,Tablet
A00809,V0255,M0148,2023-10-23,97,0,Mobile
A00810,V0143,M0025,2023-10-23,24,0,Mobile
A00811,V0240,M0070,2023-10-23,54,0,TV
A00812,V0228,M0063,2023-10-24,153,1,Mobile
A00813,V0341,M0164,2023-10-24,61,0,Mobile
A00814,V0198,M0130,2023-10-24,54,0,Mobile
A00815,V0065,M0150,2023-10-25,79,1,Mobile
A00816,V0388,M0016,2023-10-25,157,1,Mobile
A00817,V0011,M0146,2023-10-25,47,0,Mobile
A00818,V0108,M0197,2023-10-26,55,0,TV
A00819,V0026,M0182,2023-10-26,45,0,Mobile
A00820,V0445,M0100,2023-10-27,107,0,TV
A00821,V0421,M0030,2023-10-27,48,0,TV
A00822,V0151,M0045,2023-10-27,28,0,Desktop
A00823,V0221,M0019,2023-10-28,39,0,Mobile
A00824,V0341,M0034,2023-10-28,35,0,Mobile
A00825,V0496,M0141,2023-10-28,111,0,TV
A00826,V0237,M0171,2023-10-29,74,0,Desktop
A00827,V0237,M0062,2023-10-29,62,0,TV
A00828,V0497,M0118,2023-10-30,51,0,Mobile
A00829,V0219,M0100,2023-10-30,132,1,Tablet
A00830,V0487,M0022,2023-10-30,10,0,Mobile
A00831,V0424,M0180,2023-10-31,86,0,Mobile
A00832,V0461,M0180,2023-10-31,99,1,Desktop
A00833,V0151,M0111,2023-10-31,70,0,Mobile
A00834,V0123,M0164,2023-11-01,66,0,Desktop
A00835,V0144,M0073,2023-11-01,143,1,TV
A00836,V0478,M0147,2023-11-01,50,0,TV
A00837,V0189,M0038,2023-11-02,46,0,TV
A00838,V0255,M0070,2023-11-02,65,0,Desktop
A00839,V0068,M0116,2023-11-03,51,0,Desktop
A00840,V0104,M0079,2023-11-03,144,0,Mobile
A00841,V0336,M0185,2023-11-03,162,1,Desktop
A00842,V0159,M0148,2023-11-04,92,0,Mobile
A00843,V0309,M0009,2023-11-04,51,0,Mobile
A00844,V0362,M0032,2023-11-04,23,0,Mobile
A00845,V0409,M0132,2023-11-05,51,0,Desktop
A00846,V0300,M0050,2023-11-05,12,0,Desktop
A00847,V0396,M0082,2023-11-05,68,0,Tablet
A00848,V0090,M0005,2023-11-06,74,0,Mobile
A00849,V0357,M0148,2023-11-06,80,0,Tablet
A00850,V0256,M0087,2023-11-07,109,0,TV
A00851,V0496,M0126,2023-11-07,61,0,Desktop
A00852,V0353,M0075,2023-11-07,27,0,Desktop
A00853,V0220,M0165,2023-11-08,61,0,Mobile
A00854,V0009,M0022,2023-11-08,51,0,TV
A00855,V0012,M0186,2023-11-08,88,0,Desktop
A00856,V0325,M0068,2023-11-09,121,0,Tablet
A00857,V0438,M0044,2023-11-09,124,0,Desktop
A00858,V0244,M0034,2023-11-09,132,1,TV
A00859,V0182,M0077,2023-11-10,47,0,TV
A00860,V0284,M0042,2023-11-10,24,0,Mobile
A00861,V0312,M0137,2023-11-11,36,0,Mobile
A00862,V0099,M0106,2023-11-11,106,0,Desktop
A00863,V0197,M0095,2023-11-11,38,0,Desktop
A00864,V0482,M0135,2023-11-12,114,0,Mobile
A00865,V0366,M0068,2023-11-12,90,0,TV
A00866,V0226,M0147,2023-11-12,163,1,Desktop
A00867,V0333,M0159,2023-11-13,138,1,Tablet
A00868,V0103,M0128,2023-11-13,14,0,TV
A00869,V0106,M0163,2023-11-13,78,0,Desktop
A00870,V0365,M0185,2023-11-14,115,0,Tablet
A00871,V0368,M0085,2023-11-14,40,0,Desktop
A00872,V0058,M0189,2023-11-15,48,0,TV
A00873,V0078,M0159,2023-11-15,102,0,Mobile
A00874,V0075,M0083,2023-11-15,35,0,Mobile
A00875,V0042,M0095,2023-11-16,50,0,Desktop
A00876,V0422,M0181,2023-11-16,60,0,Desktop
A00877,V0324,M0032,2023-11-16,23,0,Desktop
A00878,V0181,M0066,2023-11-17,91,0,Desktop
A00879,V0033,M0187,2023-11-17,29,0,Mobile
A00880,V0071,M0116,2023-11-17,117,0,Tablet
A00881,V0056,M0138,2023-11-18,41,0,Desktop
A00882,V0105,M0130,2023-11-18,71,1,Desktop
A00883,V0200,M0194,2023-11-19,51,0,TV
A00884,V0101,M0060,2023-11-19,29,0,TV
A00885,V0256,M0017,2023-11-19,65,0,Tablet
A00886,V0307,M0096,2023-11-20,37,0,Desktop
A00887,V0074,M0144,2023-11-20,49,0,Mobile
A00888,V0171,M0016,2023-11-20,110,0,Desktop
A00889,V0377,M0046,2023-11-21,88,0,Desktop
A00890,V0143,M0167,2023-11-21,40,0,TV
A00891,V0166,M0159,2023-11-22,22,0,Mobile
A00892,V0399,M0107,2023-11-22,93,0,Tablet
A00893,V0261,M0088,2023-11-22,83,0,Desktop
A00894,V0221,M0129,2023-11-23,46,0,Tablet
A00895,V0083,M0139,2023-11-23,147,0,Mobile
A00896,V0182,M0119,2023-11-23,81,0,TV
A00897,V0307,M0085,2023-11-24,101,0,Tablet
A00898,V0010,M0004,2023-11-24,36,0,Tablet
A00899,V0396,M0071,2023-11-24,13,0,Mobile
A00900,V0004,M0154,2023-11-25,100,1,Mobile
A00901,V0351,M0111,2023-11-25,64,0,TV
A00902,V0402,M0050,2023-11-26,69,0,Mobile
A00903,V0336,M0140,2023-11-26,32,0,Mobile
A00904,V0488,M0095,2023-11-26,53,0,Mobile
A00905,V0292,M0092,2023-11-27,125,1,Desktop
A00906,V0281,M0065,2023-11-27,19,0,Desktop
A00907,V0215,M0047,2023-11-27,117,0,Mobile
A00908,V0460,M0181,2023-11-28,50,0,Mobile
A00909,V0098,M0106,2023-11-28,89,0,Desktop
A00910,V0420,M0199,2023-11-28,106,0,Desktop
A00911,V0101,M0130,2023-11-29,69,1,Mobile
A00912,V0451,M0106,2023-11-29,18,0,Mobile
A00913,V0009,M0024,2023-11-30,43,0,Tablet
A00914,V0061,M0004,2023-11-30,86,1,Tablet
A00915,V0309,M0108,2023-11-30,96,0,Tablet
A00916,V0146,M0019,2023-12-01,10,0,TV
A00917,V0427,M0154,2023-12-01,60,0,Mobile
A00918,V0419,M0040,2023-12-01,97,0,TV
A00919,V0063,M0050,2023-12-02,38,0,Desktop
A00920,V0121,M0171,2023-12-02,41,0,Desktop
A00921,V0226,M0075,2023-12-02,69,0,Mobile
A00922,V0105,M0195,2023-12-03,36,0,Desktop
A00923,V0462,M0012,2023-12-03,71,0,Desktop
A00924,V0260,M0195,2023-12-04,106,0,Mobile
A00925,V0349,M0027,2023-12-04,62,0,TV
A00926,V0425,M0113,2023-12-04,35,0,Mobile
A00927,V0255,M0182,2023-12-05,39,0,Mobile
A00928,V0429,M0194,2023-12-05,56,0,Mobile
A00929,V0434,M0049,2023-12-05,137,0,Mobile
A00930,V0207,M0144,2023-12-06,43,0,Mobile
A00931,V0028,M0130,2023-12-06,50,0,Tablet
A00932,V0170,M0060,2023-12-06,47,0,Desktop
A00933,V0336,M0182,2023-12-07,41,0,Desktop
A00934,V0076,M0030,2023-12-07,16,0,Mobile
A00935,V0116,M0084,2023-12-08,14,0,Desktop
A00936,V0069,M0166,2023-12-08,47,0,TV
A00937,V0354,M0028,2023-12-08,47,0,Desktop
A00938,V0234,M0025,2023-12-09,144,1,TV
A00939,V0001,M0096,2023-12-09,66,0,Tablet
A00940,V0167,M0125,2023-12-09,63,0,TV
A00941,V0352,M0010,2023-12-10,30,0,TV
A00942,V0218,M0188,2023-12-10,50,0,Mobile
A00943,V0273,M0042,2023-12-11,62,0,Desktop
A00944,V0368,M0040,2023-12-11,92,0,Desktop
A00945,V0251,M0077,2023-12-11,66,0,TV
A00946,V0347,M0105,2023-12-12,24,0,TV
A00947,V0344,M0118,2023-12-12,24,0,TV
A00948,V0419,M0042,2023-12-12,16,0,TV
A00949,V0174,M0047,2023-12-13,32,0,Mobile
A00950,V0170,M0165,2023-12-13,121,0,Mobile
A00951,V0246,M0022,2023-12-13,28,0,Mobile
A00952,V0423,M0185,2023-12-14,92,0,Tablet
A00953,V0090,M0107,2023-12-14,78,0,TV
A00954,V0049,M0027,2023-12-15,119,1,TV
A00955,V0446,M0041,2023-12-15,157,1,TV
A00956,V0294,M0080,2023-12-15,119,0,TV
A00957,V0407,M0162,2023-12-16,12,0,Tablet
A00958,V0150,M0160,2023-12-16,65,0,TV
A00959,V0132,M0089,2023-12-16,79,0,Desktop
A00960,V0433,M0066,2023-12-17,18,0,TV
A00961,V0059,M0012,2023-12-17,51,0,Mobile
A00962,V0457,M0168,2023-12-17,94,1,TV
A00963,V0324,M0073,2023-12-18,79,0,Desktop
A00964,V0199,M0076,2023-12-18,14,0,Mobile
A00965,V0215,M0090,2023-12-19,18,0,TV
A00966,V0386,M0010,2023-12-19,46,0,Desktop
A00967,V0049,M0096,2023-12-19,19,0,Tablet
A00968,V0472,M0176,2023-12-20,72,0,Mobile
A00969,V0232,M0020,2023-12-20,110,0,Desktop
A00970,V0247,M0039,2023-12-20,29,0,Desktop
A00971,V0382,M0060,2023-12-21,97,1,Mobile
A00972,V0479,M0066,2023-12-21,83,0,Desktop
A00973,V0239,M0065,2023-12-21,32,0,Mobile
A00974,V0415,M0179,2023-12-22,107,0,Mobile
A00975,V0367,M0124,2023-12-22,102,0,Mobile
A00976,V0168,M0164,2023-12-23,75,0,Mobile
A00977,V0048,M0152,2023-12-23,122,1,TV
A00978,V0051,M0155,2023-12-23,132,0,Mobile
A00979,V0299,M0130,2023-12-24,70,1,Desktop
A00980,V0098,M0159,2023-12-24,70,0,TV
A00981,V0439,M0057,2023-12-24,81,0,Desktop
A00982,V0216,M0078,2023-12-25,113,1,Tablet
A00983,V0177,M0194,2023-12-25,79,0,TV
A00984,V0380,M0029,2023-12-25,18,0,TV
A00985,V0474,M0015,2023-12-26,90,0,Mobile
A00986,V0080,M0012,2023-12-26,54,0,TV
A00987,V0185,M0101,2023-12-27,26,0,TV
A00988,V0367,M0156,2023-12-27,175,1,Mobile
A00989,V0461,M0084,2023-12-27,37,0,Mobile
A00990,V0399,M0125,2023-12-28,48,0,Mobile
A00991,V0027,M0103,2023-12-28,103,1,TV
A00992,V0452,M0024,2023-12-28,68,0,Desktop
A00993,V0464,M0149,2023-12-29,26,0,TV
A00994,V0448,M0138,2023-12-29,98,0,Mobile
A00995,V0478,M0110,2023-12-29,79,0,TV
A00996,V0492,M0078,2023-12-30,18,0,Mobile
A00997,V0414,M0101,2023-12-30,99,1,Mobile
A00998,V0420,M0146,2023-12-31,50,0,Desktop
A00999,V0195,M0142,2023-12-31,111,0,Mobile
A01000,V0214,M0162,2023-12-31,54,0,Mobile
A01001,V0369,M0128,2024-01-01,60,0,Mobile
A01002,V0342,M0058,2024-01-01,49,0,Desktop
A01003,V0114,M0076,2024-01-01,50,0,Tablet
A01004,V0242,M0150,2024-01-02,48,0,TV
A01005,V0124,M0198,2024-01-02,149,0,Desktop
A01006,V0305,M0036,2024-01-03,12,0,Mobile
A01007,V0076,M0173,2024-01-03,105,0,Desktop
A01008,V0311,M0164,2024-01-03,92,0,TV
A01009,V0469,M0022,2024-01-04,21,0,Mobile
A01010,V0312,M0127,2024-01-04,10,0,Mobile
A01011,V0196,M0080,2024-01-04,58,0,Mobile
A01012,V0351,M0189,2024-01-05,65,0,TV
A01013,V0044,M0100,2024-01-05,31,0,Mobile
A01014,V0415,M0184,2024-01-05,46,0,TV
A01015,V0186,M0096,2024-01-06,48,0,Mobile
A01016,V0343,M0161,2024-01-06,91,0,Mobile
A01017,V0246,M0173,2024-01-07,56,0,Desktop
A01018,V0437,M0164,2024-01-07,51,0,Desktop
A01019,V0084,M0148,2024-01-07,92,0,Mobile
A01020,V0207,M0018,2024-01-08,156,1,Mobile
A01021,V0151,M0038,2024-01-08,72,1,Mobile
A01022,V0156,M0195,2024-01-08,78,0,Mobile
A01023,V0016,M0151,2024-01-09,64,0,Mobile
A01024,V0165,M0109,2024-01-09,44,0,Tablet
A01025,V0405,M0123,2024-01-09,20,0,Desktop
A01026,V0463,M0144,2024-01-10,19,0,Desktop
A01027,V0145,M0187,2024-01-10,64,0,Mobile
A01028,V0498,M0197,2024-01-11,37,0,Mobile
A01029,V0037,M0196,2024-01-11,51,0,Mobile
A01030,V0333,M0149,2024-01-11,164,1,Desktop
A01031,V0403,M0104,2024-01-12,31,0,Desktop
A01032,V0414,M0198,2024-01-12,41,0,Mobile
A01033,V0045,M0140,2024-01-12,17,0,TV
A01034,V0402,M0144,2024-01-13,63,0,Desktop
A01035,V0206,M0081,2024-01-13,114,0,Mobile
A01036,V0062,M0087,2024-01-13,74,0,Mobile
A01037,V0420,M0142,2024-01-14,107,0,Desktop
A01038,V0356,M0061,2024-01-14,94,0,TV
A01039,V0468,M0199,2024-01-15,157,0,Mobile
A01040,V0308,M0046,2024-01-15,148,1,Mobile
A01041,V0019,M0032,2024-01-15,112,0,Desktop
A01042,V0365,M0015,2024-01-16,96,0,Mobile
A01043,V0300,M0044,2024-01-16,40,0,TV
A01044,V0007,M0145,2024-01-16,19,0,Desktop
A01045,V0249,M0169,2024-01-17,13,0,Mobile
A01046,V0428,M0054,2024-01-17,85,0,Mobile
A01047,V0117,M0044,2024-01-17,130,0,Desktop
A01048,V0068,M0098,2024-01-18,96,0,Mobile
A01049,V0034,M0005,2024-01-18,18,0,Mobile
A01050,V0194,M0109,2024-01-19,64,0,TV
A01051,V0325,M0027,2024-01-19,125,1,Mobile
A01052,V0055,M0116,2024-01-19,99,0,Desktop
A01053,V0266,M0087,2024-01-20,144,0,Mobile
A01054,V0480,M0104,2024-01-20,96,0,Desktop
A01055,V0042,M0123,2024-01-20,90,1,Mobile
A01056,V0297,M0079,2024-01-21,137,0,Tablet
A01057,V0461,M0043,2024-01-21,74,0,TV
A01058,V0231,M0097,2024-01-21,48,0,Mobile
A01059,V0453,M0031,2024-01-22,17,0,Desktop
A01060,V0378,M0099,2024-01-22,80,0,Mobile
A01061,V0394,M0017,2024-01-23,27,0,Desktop
A01062,V0010,M0083,2024-01-23,113,1,TV
A01063,V0358,M0110,2024-01-23,44,0,Desktop
A01064,V0475,M0182,2024-01-24,97,1,Mobile
A01065,V0444,M0190,2024-01-24,64,0,TV
A01066,V0128,M0032,2024-01-24,51,0,Mobile
A01067,V0179,M0168,2024-01-25,101,1,TV
A01068,V0405,M0141,2024-01-25,64,0,TV
A01069,V0392,M0035,2024-01-26,53,0,Mobile
A01070,V0193,M0133,2024-01-26,18,0,Mobile
A01071,V0092,M0029,2024-01-26,66,0,TV
A01072,V0369,M0070,2024-01-27,44,0,TV
A01073,V0231,M0153,2024-01-27,81,0,Mobile
A01074,V0078,M0095,2024-01-27,49,0,Mobile
A01075,V0085,M0022,2024-01-28,67,0,Desktop
A01076,V0030,M0194,2024-01-28,81,0,Mobile
A01077,V0213,M0173,2024-01-28,91,0,Mobile
A01078,V0049,M0069,2024-01-29,67,0,Mobile
A01079,V0265,M0089,2024-01-29,84,0,Mobile
A01080,V0145,M0072,2024-01-30,43,0,Desktop
A01081,V0069,M0129,2024-01-30,61,0,Tablet
A01082,V0058,M0172,2024-01-30,38,0,TV
A01083,V0185,M0087,2024-01-31,151,1,Mobile
A01084,V0062,M0096,2024-01-31,39,0,Desktop
A01085,V0479,M0075,2024-01-31,43,0,Desktop
A01086,V0308,M0167,2024-02-01,125,0,Mobile
A01087,V0445,M0054,2024-02-01,77,0,Tablet
A01088,V0296,M0088,2024-02-01,26,0,Desktop
A01089,V0166,M0157,2024-02-02,67,0,Tablet
A01090,V0171,M0054,2024-02-02,92,0,Desktop
A01091,V0063,M0016,2024-02-03,169,1,Desktop
A01092,V0147,M0099,2024-02-03,94,0,Mobile
A01093,V0484,M0020,2024-02-03,64,0,Desktop
A01094,V0306,M0046,2024-02-04,46,0,Mobile
A01095,V0161,M0195,2024-02-04,114,1,TV
A01096,V0141,M0193,2024-02-04,116,0,TV
A01097,V0334,M0127,2024-02-05,28,0,TV
A01098,V0097,M0058,2024-02-05,40,0,TV
A01099,V0446,M0181,2024-02-05,61,0,TV
A01100,V0221,M0111,2024-02-06,53,0,Mobile
A01101,V0043,M0129,2024-02-06,41,0,Desktop
A01102,V0433,M0081,2024-02-07,40,0,TV
A01103,V0292,M0194,2024-02-07,35,0,Desktop
A01104,V0378,M0157,2024-02-07,58,0,TV
A01105,V0108,M0084,2024-02-08,112,0,Mobile
A01106,V0266,M0070,2024-02-08,49,0,Mobile
A01107,V0095,M0008,2024-02-08,55,0,Tablet
A01108,V0262,M0029,2024-02-09,33,0,Desktop
A01109,V0313,M0112,2024-02-09,67,0,Mobile
A01110,V0385,M0179,2024-02-09,35,0,TV
A01111,V0071,M0161,2024-02-10,76,0,Tablet
A01112,V0442,M0131,2024-02-10,98,0,Mobile
A01113,V0219,M0188,2024-02-11,20,0,TV
A01114,V0021,M0163,2024-02-11,16,0,Tablet
A01115,V0092,M0197,2024-02-11,18,0,Tablet
A01116,V0127,M0108,2024-02-12,72,0,Tablet
A01117,V0080,M0109,2024-02-12,96,1,Desktop
A01118,V0312,M0020,2024-02-12,14,0,Mobile
A01119,V0238,M0073,2024-02-13,142,1,Mobile
A01120,V0471,M0167,2024-02-13,33,0,Mobile
A01121,V0372,M0004,2024-02-14,83,0,Desktop
A01122,V0404,M0019,2024-02-14,50,0,Mobile
A01123,V0486,M0102,2024-02-14,94,0,Mobile
A01124,V0182,M0173,2024-02-15,91,0,Mobile
A01125,V0025,M0171,2024-02-15,60,0,Mobile
A01126,V0156,M0141,2024-02-15,130,0,TV
A01127,V0005,M0141,2024-02-16,119,0,Mobile
A01128,V0120,M0188,2024-02-16,88,0,Desktop
A01129,V0277,M0185,2024-02-16,35,0,Desktop
A01130,V0018,M0086,2024-02-17,18,0,Mobile
A01131,V0431,M0052,2024-02-17,74,0,Tablet
A01132,V0198,M0111,2024-02-18,81,0,Desktop
A01133,V0057,M0181,2024-02-18,44,0,Mobile
A01134,V0093,M0109,2024-02-18,79,0,Mobile
A01135,V0019,M0086,2024-02-19,79,1,Mobile
A01136,V0384,M0043,2024-02-19,64,0,Mobile
A01137,V0353,M0200,2024-02-19,142,0,Mobile
A01138,V0193,M0200,2024-02-20,143,0,Desktop
A01139,V0237,M0042,2024-02-20,65,0,TV
A01140,V0387,M0090,2024-02-20,59,0,TV
A01141,V0426,M0115,2024-02-21,136,0,Mobile
A01142,V0277,M0026,2024-02-21,79,0,Mobile
A01143,V0227,M0151,2024-02-22,126,1,Desktop
A01144,V0233,M0043,2024-02-22,15,0,Mobile
A01145,V0040,M0077,2024-02-22,19,0,Mobile
A01146,V0323,M0156,2024-02-23,171,1,TV
A01147,V0153,M0137,2024-02-23,61,0,Mobile
A01148,V0127,M0020,2024-02-23,65,0,TV
A01149,V0237,M0184,2024-02-24,75,0,Mobile
A01150,V0486,M0039,2024-02-24,80,0,Tablet
A01151,V0493,M0179,2024-02-24,78,0,Desktop
A01152,V0055,M0012,2024-02-25,16,0,TV
A01153,V0468,M0183,2024-02-25,121,0,Mobile
A01154,V0436,M0011,2024-02-26,138,1,TV
A01155,V0172,M0154,2024-02-26,26,0,TV
A01156,V0109,M0042,2024-02-26,135,1,TV
A01157,V0354,M0155,2024-02-27,155,1,Desktop
A01158,V0469,M0011,2024-02-27,93,0,TV
A01159,V0184,M0038,2024-02-27,57,0,Mobile
A01160,V0439,M0098,2024-02-28,76,0,Desktop
A01161,V0368,M0171,2024-02-28,40,0,TV
A01162,V0471,M0019,2024-02-28,70,0,Mobile
A01163,V0198,M0192,2024-02-29,147,1,Mobile
A01164,V0371,M0134,2024-02-29,116,0,Desktop
A01165,V0373,M0174,2024-03-01,83,0,TV
A01166,V0461,M0116,2024-03-01,37,0,Mobile
A01167,V0497,M0113,2024-03-01,14,0,Mobile
A01168,V0087,M0170,2024-03-02,62,0,Mobile
A01169,V0201,M0065,2024-03-02,20,0,TV
A01170,V0337,M0099,2024-03-02,87,0,Mobile
A01171,V0322,M0072,2024-03-03,50,0,TV
A01172,V0275,M0187,2024-03-03,69,0,Mobile
A01173,V0211,M0052,2024-03-03,33,0,TV
A01174,V0391,M0118,2024-03-04,72,0,Tablet
A01175,V0118,M0175,2024-03-04,73,0,Mobile
A01176,V0191,M0120,2024-03-05,9,0,Mobile
A01177,V0042,M0007,2024-03-05,14,0,TV
A01178,V0042,M0011,2024-03-05,56,0,Mobile
A01179,V0315,M0103,2024-03-06,100,1,Mobile
A01180,V0276,M0061,2024-03-06,26,0,TV
A01181,V0329,M0068,2024-03-06,112,0,Tablet
A01182,V0017,M0153,2024-03-07,124,1,Desktop
A01183,V0283,M0140,2024-03-07,76,0,Mobile
A01184,V0431,M0154,2024-03-08,33,0,Mobile
A01185,V0258,M0102,2024-03-08,125,1,Mobile
A01186,V0063,M0110,2024-03-08,22,0,TV
A01187,V0062,M0140,2024-03-09,49,0,TV
A01188,V0100,M0171,2024-03-09,102,1,TV
A01189,V0019,M0051,2024-03-09,85,0,Mobile
A01190,V0017,M0117,2024-03-10,86,0,Desktop
A01191,V0325,M0165,2024-03-10,59,0,Mobile
A01192,V0423,M0046,2024-03-10,67,0,Mobile
A01193,V0466,M0053,2024-03-11,66,0,TV
A01194,V0373,M0088,2024-03-11,53,0,Mobile
A01195,V0246,M0121,2024-03-12,94,1,Desktop
A01196,V0251,M0013,2024-03-12,143,1,TV
A01197,V0455,M0089,2024-03-12,87,1,Tablet
A01198,V0081,M0125,2024-03-13,89,0,TV
A01199,V0039,M0118,2024-03-13,83,0,TV
A01200,V0036,M0054,2024-03-13,111,1,Desktop
A01201,V0424,M0185,2024-03-14,154,1,Mobile
A01202,V0429,M0116,2024-03-14,73,0,Desktop
A01203,V0388,M0118,2024-03-14,22,0,Desktop
A01204,V0486,M0004,2024-03-15,15,0,TV
A01205,V0409,M0075,2024-03-15,60,0,Desktop
A01206,V0197,M0049,2024-03-16,125,0,Mobile
A01207,V0158,M0007,2024-03-16,78,1,Mobile
A01208,V0204,M0110,2024-03-16,44,0,Mobile
A01209,V0196,M0122,2024-03-17,33,0,TV
A01210,V0216,M0011,2024-03-17,69,0,Desktop
A01211,V0285,M0092,2024-03-17,58,0,TV
A01212,V0457,M0182,2024-03-18,24,0,Mobile
A01213,V0196,M0173,2024-03-18,115,0,Mobile
A01214,V0307,M0023,2024-03-18,57,0,TV
A01215,V0152,M0028,2024-03-19,76,0,TV
A01216,V0014,M0111,2024-03-19,58,0,Desktop
A01217,V0325,M0057,2024-03-20,41,0,Desktop
A01218,V0146,M0026,2024-03-20,95,0,Mobile
A01219,V0426,M0153,2024-03-20,115,1,TV
A01220,V0057,M0054,2024-03-21,16,0,TV
A01221,V0211,M0029,2024-03-21,77,0,TV
A01222,V0268,M0097,2024-03-21,68,0,Desktop
A01223,V0210,M0164,2024-03-22,97,1,Desktop
A01224,V0017,M0014,2024-03-22,87,0,Desktop
A01225,V0286,M0078,2024-03-22,48,0,TV
A01226,V0344,M0035,2024-03-23,85,0,Desktop
A01227,V0203,M0030,2024-03-23,32,0,Desktop
A01228,V0099,M0092,2024-03-24,128,1,Mobile
A01229,V0279,M0017,2024-03-24,61,0,Tablet
A01230,V0209,M0195,2024-03-24,65,0,TV
A01231,V0129,M0158,2024-03-25,134,0,Mobile
A01232,V0335,M0093,2024-03-25,157,0,Desktop
A01233,V0288,M0173,2024-03-25,50,0,Mobile
A01234,V0252,M0079,2024-03-26,120,0,Mobile
A01235,V0265,M0110,2024-03-26,56,0,Mobile
A01236,V0271,M0179,2024-03-27,58,0,TV
A01237,V0412,M0102,2024-03-27,98,0,TV
A01238,V0408,M0106,2024-03-27,61,0,Desktop
A01239,V0188,M0047,2024-03-28,56,0,Desktop
A01240,V0419,M0181,2024-03-28,70,0,Desktop
A01241,V0214,M0064,2024-03-28,16,0,Mobile
A01242,V0283,M0166,2024-03-29,112,0,Mobile
A01243,V0211,M0064,2024-03-29,27,0,TV
A01244,V0365,M0087,2024-03-29,19,0,Tablet
A01245,V0076,M0007,2024-03-30,22,0,Desktop
A01246,V0148,M0022,2024-03-30,58,0,TV
A01247,V0321,M0081,2024-03-31,126,0,Tablet
A01248,V0213,M0169,2024-03-31,10,0,Mobile
A01249,V0433,M0074,2024-03-31,14,0,TV
A01250,V0109,M0138,2024-04-01,141,1,Desktop
A01251,V0129,M0185,2024-04-01,28,0,Desktop
A01252,V0010,M0135,2024-04-01,124,1,Mobile
A01253,V0047,M0125,2024-04-02,56,0,TV
A01254,V0379,M0050,2024-04-02,65,0,TV
A01255,V0315,M0052,2024-04-02,34,0,Mobile
A01256,V0096,M0161,2024-04-03,125,1,Desktop
A01257,V0446,M0001,2024-04-03,122,0,Mobile
A01258,V0103,M0181,2024-04-04,38,0,TV
A01259,V0380,M0188,2024-04-04,27,0,Desktop
A01260,V0342,M0162,2024-04-04,72,0,TV
A01261,V0146,M0004,2024-04-05,63,0,Mobile
A01262,V0368,M0145,2024-04-05,10,0,Mobile
A01263,V0430,M0132,2024-04-05,8,0,Mobile
A01264,V0416,M0171,2024-04-06,94,0,Mobile
A01265,V0027,M0004,2024-04-06,32,0,Mobile
A01266,V0220,M0001,2024-04-06,112,0,Desktop
A01267,V0018,M0071,2024-04-07,41,0,Mobile
A01268,V0167,M0178,2024-04-07,77,1,Desktop
A01269,V0433,M0189,2024-04-08,97,1,Mobile
A01270,V0477,M0035,2024-04-08,113,1,Desktop
A01271,V0082,M0008,2024-04-08,33,0,TV
A01272,V0428,M0152,2024-04-09,123,1,Desktop
A01273,V0072,M0036,2024-04-09,31,0,Tablet
A01274,V0310,M0178,2024-04-09,55,0,Mobile
A01275,V0479,M0123,2024-04-10,53,0,Desktop
A01276,V0254,M0043,2024-04-10,10,0,Desktop
A01277,V0162,M0027,2024-04-10,125,1,Desktop
A01278,V0327,M0032,2024-04-11,22,0,TV
A01279,V0420,M0078,2024-04-11,85,0,Desktop
A01280,V0402,M0121,2024-04-12,79,0,Desktop
A01281,V0038,M0146,2024-04-12,70,0,Desktop
A01282,V0443,M0156,2024-04-12,40,0,Tablet
A01283,V0393,M0157,2024-04-13,60,0,Tablet
A01284,V0201,M0016,2024-04-13,150,0,Mobile
A01285,V0494,M0099,2024-04-13,52,0,Mobile
A01286,V0200,M0047,2024-04-14,71,0,TV
A01287,V0255,M0187,2024-04-14,30,0,Tablet
A01288,V0179,M0031,2024-04-14,61,0,Mobile
A01289,V0035,M0004,2024-04-15,87,1,Mobile
A01290,V0082,M0165,2024-04-15,84,0,Tablet
A01291,V0389,M0017,2024-04-16,79,0,TV
A01292,V0398,M0039,2024-04-16,52,0,Mobile
A01293,V0220,M0048,2024-04-16,48,0,Desktop
A01294,V0158,M0174,2024-04-17,16,0,Tablet
A01295,V0004,M0176,2024-04-17,36,0,TV
A01296,V0167,M0039,2024-04-17,56,0,TV
A01297,V0468,M0132,2024-04-18,54,0,TV
A01298,V0448,M0030,2024-04-18,69,0,Mobile
A01299,V0409,M0158,2024-04-19,73,0,TV
A01300,V0412,M0022,2024-04-19,40,0,Mobile
A01301,V0204,M0066,2024-04-19,52,0,Tablet
A01302,V0194,M0108,2024-04-20,116,1,Mobile
A01303,V0235,M0012,2024-04-20,49,0,TV
A01304,V0206,M0036,2024-04-20,9,0,Mobile
A01305,V0150,M0018,2024-04-21,18,0,Desktop
A01306,V0159,M0090,2024-04-21,166,1,Mobile
A01307,V0279,M0181,2024-04-21,24,0,TV
A01308,V0304,M0199,2024-04-22,154,0,TV
A01309,V0404,M0001,2024-04-22,24,0,TV
A01310,V0381,M0127,2024-04-23,85,1,Desktop
A01311,V0166,M0186,2024-04-23,114,1,Mobile
A01312,V0311,M0090,2024-04-23,106,0,Tablet
A01313,V0068,M0087,2024-04-24,18,0,TV
A01314,V0463,M0090,2024-04-24,57,0,TV
A01315,V0088,M0134,2024-04-24,78,0,TV
A01316,V0217,M0070,2024-04-25,63,0,TV
A01317,V0001,M0044,2024-04-25,57,0,Desktop
A01318,V0135,M0200,2024-04-25,22,0,TV
A01319,V0185,M0152,2024-04-26,88,0,Desktop
A01320,V0351,M0086,2024-04-26,52,0,TV
A01321,V0140,M0019,2024-04-27,33,0,TV
A01322,V0106,M0101,2024-04-27,13,0,Mobile
A01323,V0133,M0146,2024-04-27,82,1,Mobile
A01324,V0108,M0095,2024-04-28,41,0,Mobile
A01325,V0178,M0101,2024-04-28,81,0,Mobile
A01326,V0298,M0030,2024-04-28,69,0,Desktop
A01327,V0358,M0170,2024-04-29,16,0,TV
A01328,V0380,M0033,2024-04-29,45,0,Mobile
A01329,V0396,M0012,2024-04-29,33,0,Desktop
A01330,V0359,M0118,2024-04-30,98,0,Tablet
A01331,V0146,M0094,2024-04-30,81,0,TV
A01332,V0450,M0155,2024-05-01,60,0,Desktop
A01333,V0074,M0167,2024-05-01,166,1,TV
A01334,V0463,M0137,2024-05-01,34,0,Desktop
A01335,V0478,M0149,2024-05-02,164,1,Mobile
A01336,V0108,M0076,2024-05-02,135,1,Mobile
A01337,V0122,M0029,2024-05-02,25,0,Mobile
A01338,V0017,M0161,2024-05-03,54,0,Mobile
A01339,V0196,M0190,2024-05-03,76,0,Tablet
A01340,V0327,M0117,2024-05-03,127,0,TV
A01341,V0318,M0015,2024-05-04,91,0,Desktop
A01342,V0297,M0002,2024-05-04,87,1,Desktop
A01343,V0479,M0180,2024-05-05,81,0,Mobile
A01344,V0499,M0117,2024-05-05,52,0,TV
A01345,V0252,M0172,2024-05-05,15,0,TV
A01346,V0487,M0182,2024-05-06,80,0,Mobile
A01347,V0119,M0018,2024-05-06,39,0,Mobile
A01348,V0162,M0003,2024-05-06,112,0,Desktop
A01349,V0198,M0135,2024-05-07,51,0,Desktop
A01350,V0498,M0171,2024-05-07,44,0,Desktop
A01351,V0486,M0166,2024-05-07,16,0,Desktop
A01352,V0045,M0165,2024-05-08,121,0,Desktop
A01353,V0314,M0186,2024-05-08,25,0,Mobile
A01354,V0179,M0161,2024-05-09,114,0,Mobile
A01355,V0382,M0108,2024-05-09,67,0,Desktop
A01356,V0418,M0187,2024-05-09,71,0,TV
A01357,V0044,M0095,2024-05-10,49,0,Tablet
A01358,V0271,M0122,2024-05-10,23,0,TV
A01359,V0078,M0011,2024-05-10,124,0,TV
A01360,V0326,M0068,2024-05-11,24,0,Desktop
A01361,V0178,M0123,2024-05-11,51,0,TV
A01362,V0357,M0196,2024-05-12,39,0,Tablet
A01363,V0498,M0113,2024-05-12,77,0,Mobile
A01364,V0416,M0098,2024-05-12,160,1,Desktop
A01365,V0451,M0093,2024-05-13,112,0,TV
A01366,V0003,M0022,2024-05-13,51,0,TV
A01367,V0214,M0194,2024-05-13,83,0,Mobile
A01368,V0342,M0172,2024-05-14,8,0,Desktop
A01369,V0074,M0127,2024-05-14,85,1,TV
A01370,V0051,M0134,2024-05-14,46,0,Desktop
A01371,V0067,M0170,2024-05-15,120,1,TV
A01372,V0332,M0025,2024-05-15,127,0,Mobile
A01373,V0093,M0185,2024-05-16,142,0,Tablet
A01374,V0176,M0085,2024-05-16,86,0,Desktop
A01375,V0145,M0055,2024-05-16,45,0,Desktop
A01376,V0007,M0144,2024-05-17,63,0,Mobile
A01377,V0269,M0095,2024-05-17,10,0,Mobile
A01378,V0376,M0142,2024-05-17,121,0,Desktop
A01379,V0322,M0167,2024-05-18,115,0,Desktop
A01380,V0004,M0156,2024-05-18,165,1,Desktop
A01381,V0138,M0179,2024-05-18,75,0,Mobile
A01382,V0231,M0119,2024-05-19,29,0,TV
A01383,V0088,M0177,2024-05-19,54,0,TV
A01384,V0017,M0009,2024-05-20,129,0,Mobile
A01385,V0052,M0186,2024-05-20,40,0,Desktop
A01386,V0134,M0173,2024-05-20,57,0,TV
A01387,V0211,M0150,2024-05-21,72,0,Desktop
A01388,V0325,M0160,2024-05-21,66,0,Mobile
A01389,V0480,M0197,2024-05-21,62,0,TV
A01390,V0458,M0197,2024-05-22,43,0,Mobile
A01391,V0393,M0042,2024-05-22,118,0,Mobile
A01392,V0219,M0053,2024-05-22,42,0,Mobile
A01393,V0205,M0187,2024-05-23,68,0,Desktop
A01394,V0211,M0074,2024-05-23,17,0,Mobile
A01395,V0277,M0039,2024-05-24,100,1,Tablet
A01396,V0024,M0122,2024-05-24,75,0,Mobile
A01397,V0486,M0015,2024-05-24,78,0,Mobile
A01398,V0004,M0199,2024-05-25,121,0,Desktop
A01399,V0152,M0157,2024-05-25,79,0,Mobile
A01400,V0443,M0123,2024-05-25,20,0,Desktop
A01401,V0483,M0111,2024-05-26,110,0,Mobile
A01402,V0259,M0131,2024-05-26,46,0,Mobile
A01403,V0324,M0083,2024-05-26,108,1,Mobile
A01404,V0357,M0010,2024-05-27,81,0,Desktop
A01405,V0168,M0092,2024-05-27,57,0,Mobile
A01406,V0176,M0029,2024-05-28,78,0,TV
A01407,V0310,M0035,2024-05-28,49,0,Desktop
A01408,V0291,M0006,2024-05-28,34,0,Desktop
A01409,V0479,M0140,2024-05-29,90,1,Desktop
A01410,V0056,M0111,2024-05-29,97,0,Desktop
A01411,V0108,M0038,2024-05-29,42,0,Tablet
A01412,V0473,M0077,2024-05-30,61,0,Mobile
A01413,V0296,M0093,2024-05-30,73,0,Mobile
A01414,V0461,M0147,2024-05-31,166,1,Mobile
A01415,V0324,M0067,2024-05-31,20,0,Mobile
A01416,V0302,M0136,2024-05-31,59,0,Mobile
A01417,V0334,M0008,2024-06-01,75,0,TV
A01418,V0141,M0122,2024-06-01,72,0,Desktop
A01419,V0155,M0084,2024-06-01,77,0,Tablet
A01420,V0262,M0175,2024-06-02,32,0,Mobile
A01421,V0273,M0132,2024-06-02,18,0,Mobile
A01422,V0420,M0179,2024-06-02,44,0,Tablet
A01423,V0232,M0085,2024-06-03,115,1,TV
A01424,V0241,M0195,2024-06-03,25,0,Desktop
A01425,V0355,M0045,2024-06-04,68,0,Desktop
A01426,V0337,M0136,2024-06-04,122,0,TV
A01427,V0489,M0087,2024-06-04,144,0,Desktop
A01428,V0258,M0016,2024-06-05,159,1,Mobile
A01429,V0249,M0077,2024-06-05,44,0,TV
A01430,V0077,M0195,2024-06-05,38,0,Desktop
A01431,V0180,M0009,2024-06-06,97,0,Mobile
A01432,V0066,M0060,2024-06-06,36,0,Desktop
A01433,V0308,M0078,2024-06-06,90,0,Desktop
A01434,V0348,M0077,2024-06-07,90,0,TV
A01435,V0171,M0071,2024-06-07,72,1,Mobile
A01436,V0474,M0015,2024-06-08,27,0,TV
A01437,V0022,M0071,2024-06-08,75,1,Desktop
A01438,V0367,M0102,2024-06-08,49,0,Desktop
A01439,V0107,M0169,2024-06-09,49,0,Mobile
A01440,V0439,M0022,2024-06-09,44,0,TV
A01441,V0323,M0152,2024-06-09,110,0,Tablet
A01442,V0227,M0113,2024-06-10,47,0,Mobile
A01443,V0444,M0172,2024-06-10,79,1,Mobile
A01444,V0442,M0001,2024-06-10,153,1,Desktop
A01445,V0396,M0010,2024-06-11,86,1,TV
A01446,V0216,M0110,2024-06-11,19,0,Mobile
A01447,V0069,M0200,2024-06-12,157,1,Desktop
A01448,V0084,M0184,2024-06-12,77,0,Desktop
A01449,V0103,M0113,2024-06-12,18,0,Mobile
A01450,V0039,M0050,2024-06-13,16,0,Desktop
A01451,V0013,M0012,2024-06-13,16,0,Mobile
A01452,V0297,M0089,2024-06-13,10,0,TV
A01453,V0313,M0188,2024-06-14,98,0,Desktop
A01454,V0181,M0154,2024-06-14,102,1,Desktop
A01455,V0493,M0112,2024-06-14,62,0,Mobile
A01456,V0268,M0078,2024-06-15,69,0,Mobile
A01457,V0013,M0169,2024-06-15,87,1,TV
A01458,V0120,M0164,2024-06-16,36,0,Desktop
A01459,V0458,M0121,2024-06-16,86,1,Desktop
A01460,V0353,M0023,2024-06-16,61,0,Desktop
A01461,V0057,M0171,2024-06-17,69,0,Desktop
A01462,V0040,M0134,2024-06-17,68,0,Mobile
A01463,V0374,M0197,2024-06-17,67,0,Mobile
A01464,V0336,M0171,2024-06-18,18,0,Mobile
A01465,V0128,M0025,2024-06-18,131,0,TV
A01466,V0173,M0018,2024-06-18,58,0,Mobile
A01467,V0035,M0190,2024-06-19,129,1,Mobile
A01468,V0259,M0141,2024-06-19,65,0,TV
A01469,V0376,M0043,2024-06-20,21,0,Mobile
A01470,V0005,M0078,2024-06-20,86,0,Desktop
A01471,V0218,M0028,2024-06-20,24,0,Mobile
A01472,V0011,M0146,2024-06-21,66,0,Mobile
A01473,V0382,M0059,2024-06-21,79,1,Desktop
A01474,V0327,M0188,2024-06-21,133,0,Mobile
A01475,V0117,M0063,2024-06-22,19,0,TV
A01476,V0184,M0185,2024-06-22,113,0,Desktop
A01477,V0394,M0092,2024-06-23,102,0,Mobile
A01478,V0362,M0179,2024-06-23,114,0,Mobile
A01479,V0116,M0056,2024-06-23,18,0,Desktop
A01480,V0162,M0155,2024-06-24,92,0,Mobile
A01481,V0067,M0160,2024-06-24,61,0,Mobile
A01482,V0200,M0111,2024-06-24,35,0,Desktop
A01483,V0031,M0137,2024-06-25,34,0,TV
A01484,V0075,M0068,2024-06-25,75,0,Desktop
A01485,V0237,M0046,2024-06-25,131,0,TV
A01486,V0327,M0067,2024-06-26,89,1,TV
A01487,V0493,M0154,2024-06-26,71,0,Mobile
A01488,V0066,M0136,2024-06-27,70,0,TV
A01489,V0070,M0006,2024-06-27,59,0,TV
A01490,V0297,M0024,2024-06-27,126,1,Mobile
A01491,V0447,M0176,2024-06-28,99,1,Tablet
A01492,V0416,M0094,2024-06-28,110,1,Mobile
A01493,V0020,M0173,2024-06-28,132,0,Mobile
A01494,V0441,M0013,2024-06-29,59,0,TV
A01495,V0226,M0197,2024-06-29,93,0,Desktop
A01496,V0434,M0025,2024-06-29,77,0,Mobile
A01497,V0464,M0148,2024-06-30,45,0,Mobile
A01498,V0409,M0118,2024-06-30,88,0,TV
A01499,V0396,M0082,2024-07-01,16,0,TV
A01500,V0199,M0111,2024-07-01,19,0,Desktop
A01501,V0039,M0082,2024-07-01,48,0,Tablet
A01502,V0145,M0066,2024-07-02,83,0,Mobile
A01503,V0045,M0045,2024-07-02,78,1,Mobile
A01504,V0395,M0114,2024-07-02,33,0,TV
A01505,V0326,M0175,2024-07-03,26,0,TV
A01506,V0381,M0063,2024-07-03,37,0,Mobile
A01507,V0407,M0076,2024-07-03,17,0,Mobile
A01508,V0091,M0114,2024-07-04,25,0,TV
A01509,V0238,M0111,2024-07-04,98,0,Tablet
A01510,V0070,M0183,2024-07-05,70,0,Desktop
A01511,V0166,M0147,2024-07-05,137,0,Mobile
A01512,V0130,M0035,2024-07-05,113,1,Tablet
A01513,V0214,M0053,2024-07-06,82,0,TV
A01514,V0340,M0026,2024-07-06,25,0,Desktop
A01515,V0089,M0014,2024-07-06,20,0,TV
A01516,V0335,M0118,2024-07-07,103,1,TV
A01517,V0252,M0045,2024-07-07,49,0,Tablet
A01518,V0369,M0172,2024-07-07,70,0,TV
A01519,V0349,M0193,2024-07-08,121,1,Desktop
A01520,V0072,M0051,2024-07-08,117,1,Desktop
A01521,V0165,M0171,2024-07-09,109,1,Desktop
A01522,V0049,M0119,2024-07-09,108,0,Desktop
A01523,V0052,M0151,2024-07-09,55,0,TV
A01524,V0289,M0184,2024-07-10,92,1,Tablet
A01525,V0278,M0019,2024-07-10,55,0,Desktop
A01526,V0114,M0082,2024-07-10,14,0,Desktop
A01527,V0239,M0076,2024-07-11,95,0,Desktop
A01528,V0133,M0183,2024-07-11,91,0,TV
A01529,V0487,M0092,2024-07-11,128,1,Desktop
A01530,V0274,M0188,2024-07-12,114,0,Mobile
A01531,V0166,M0187,2024-07-12,36,0,Desktop
A01532,V0374,M0033,2024-07-13,116,1,Mobile
A01533,V0373,M0147,2024-07-13,143,0,Mobile
A01534,V0293,M0028,2024-07-13,67,0,TV
A01535,V0478,M0123,2024-07-14,34,0,Mobile
A01536,V0243,M0180,2024-07-14,47,0,Mobile
A01537,V0479,M0126,2024-07-14,90,0,Mobile
A01538,V0320,M0177,2024-07-15,23,0,Mobile
A01539,V0138,M0037,2024-07-15,58,0,TV
A01540,V0079,M0154,2024-07-16,79,0,Desktop
A01541,V0170,M0099,2024-07-16,75,0,TV
A01542,V0123,M0098,2024-07-16,80,0,Mobile
A01543,V0176,M0127,2024-07-17,21,0,Mobile
A01544,V0300,M0168,2024-07-17,53,0,Mobile
A01545,V0082,M0080,2024-07-17,123,0,TV
A01546,V0087,M0038,2024-07-18,27,0,Desktop
A01547,V0225,M0077,2024-07-18,13,0,Tablet
A01548,V0016,M0126,2024-07-18,90,0,Desktop
A01549,V0310,M0087,2024-07-19,166,1,Desktop
A01550,V0358,M0054,2024-07-19,78,0,TV
A01551,V0163,M0150,2024-07-20,17,0,Tablet
A01552,V0098,M0016,2024-07-20,68,0,Mobile
A01553,V0156,M0028,2024-07-20,89,1,Mobile
A01554,V0002,M0163,2024-07-21,47,0,Desktop
A01555,V0350,M0188,2024-07-21,107,0,Desktop
A01556,V0397,M0173,2024-07-21,75,0,Tablet
A01557,V0169,M0046,2024-07-22,44,0,Desktop
A01558,V0464,M0072,2024-07-22,96,0,Mobile
A01559,V0315,M0183,2024-07-22,111,0,Tablet
A01560,V0325,M0085,2024-07-23,86,0,TV
A01561,V0375,M0026,2024-07-23,56,0,Mobile
A01562,V0092,M0085,2024-07-24,22,0,Tablet
A01563,V0181,M0153,2024-07-24,80,0,Mobile
A01564,V0231,M0065,2024-07-24,87,0,Mobile
A01565,V0301,M0134,2024-07-25,44,0,Tablet
A01566,V0148,M0151,2024-07-25,20,0,Desktop
A01567,V0280,M0115,2024-07-25,28,0,Mobile
A01568,V0189,M0064,2024-07-26,82,1,Mobile
A01569,V0347,M0087,2024-07-26,140,0,TV
A01570,V0350,M0171,2024-07-26,106,1,Mobile
A01571,V0314,M0107,2024-07-27,33,0,Desktop
A01572,V0493,M0151,2024-07-27,132,1,TV
A01573,V0411,M0096,2024-07-28,18,0,Mobile
A01574,V0410,M0158,2024-07-28,101,0,TV
A01575,V0128,M0077,2024-07-28,113,0,TV
A01576,V0007,M0146,2024-07-29,35,0,Desktop
A01577,V0426,M0087,2024-07-29,83,0,Mobile
A01578,V0047,M0149,2024-07-29,36,0,Mobile
A01579,V0053,M0057,2024-07-30,21,0,Desktop
A01580,V0187,M0103,2024-07-30,73,0,TV
A01581,V0038,M0151,2024-07-30,97,0,Mobile
A01582,V0453,M0091,2024-07-31,122,0,Mobile
A01583,V0471,M0045,2024-07-31,52,0,Desktop
A01584,V0476,M0172,2024-08-01,57,0,Desktop
A01585,V0226,M0088,2024-08-01,14,0,Mobile
A01586,V0053,M0115,2024-08-01,40,0,TV
A01587,V0399,M0047,2024-08-02,132,1,Mobile
A01588,V0224,M0168,2024-08-02,17,0,TV
A01589,V0154,M0179,2024-08-02,96,0,Desktop
A01590,V0048,M0170,2024-08-03,32,0,Desktop
A01591,V0351,M0135,2024-08-03,102,0,Mobile
A01592,V0147,M0050,2024-08-04,62,0,TV
A01593,V0393,M0176,2024-08-04,31,0,Mobile
A01594,V0064,M0084,2024-08-04,50,0,Mobile
A01595,V0349,M0091,2024-08-05,105,0,Desktop
A01596,V0182,M0134,2024-08-05,75,0,TV
A01597,V0125,M0091,2024-08-05,41,0,Mobile
A01598,V0179,M0137,2024-08-06,68,0,Mobile
A01599,V0039,M0109,2024-08-06,26,0,TV
A01600,V0260,M0057,2024-08-06,92,1,TV
A01601,V0382,M0031,2024-08-07,66,0,Mobile
A01602,V0003,M0021,2024-08-07,34,0,Desktop
A01603,V0064,M0090,2024-08-08,126,0,Desktop
A01604,V0029,M0040,2024-08-08,95,0,Desktop
A01605,V0372,M0112,2024-08-08,46,0,TV
A01606,V0011,M0045,2024-08-09,41,0,Mobile
A01607,V0097,M0077,2024-08-09,49,0,TV
A01608,V0358,M0177,2024-08-09,48,0,Desktop
A01609,V0442,M0087,2024-08-10,42,0,Desktop
A01610,V0203,M0148,2024-08-10,48,0,TV
A01611,V0411,M0101,2024-08-10,33,0,Tablet
A01612,V0481,M0117,2024-08-11,131,0,Mobile
A01613,V0021,M0092,2024-08-11,101,0,Mobile
A01614,V0039,M0145,2024-08-12,58,0,Mobile
A01615,V0223,M0028,2024-08-12,81,0,Tablet
A01616,V0102,M0169,2024-08-12,78,0,TV
A01617,V0046,M0194,2024-08-13,65,0,Desktop
A01618,V0066,M0025,2024-08-13,109,0,Mobile
A01619,V0091,M0058,2024-08-13,51,0,TV
A01620,V0164,M0041,2024-08-14,158,1,TV
A01621,V0459,M0134,2024-08-14,19,0,TV
A01622,V0111,M0075,2024-08-14,40,0,Mobile
A01623,V0338,M0038,2024-08-15,62,0,Mobile
A01624,V0123,M0134,2024-08-15,28,0,Desktop
A01625,V0193,M0173,2024-08-16,42,0,TV
A01626,V0447,M0075,2024-08-16,61,0,Mobile
A01627,V0099,M0142,2024-08-16,111,0,Desktop
A01628,V0291,M0066,2024-08-17,128,0,Mobile
A01629,V0159,M0168,2024-08-17,89,0,TV
A01630,V0412,M0003,2024-08-17,29,0,Desktop
A01631,V0103,M0117,2024-08-18,20,0,Mobile
A01632,V0385,M0099,2024-08-18,102,0,Desktop
A01633,V0281,M0152,2024-08-18,51,0,Mobile
A01634,V0043,M0019,2024-08-19,62,0,Mobile
A01635,V0486,M0146,2024-08-19,19,0,TV
A01636,V0084,M0192,2024-08-20,87,0,Mobile
A01637,V0451,M0116,2024-08-20,86,0,Mobile
A01638,V0191,M0125,2024-08-20,117,0,Mobile
A01639,V0051,M0088,2024-08-21,77,0,Mobile
A01640,V0386,M0035,2024-08-21,64,0,Mobile
A01641,V0210,M0190,2024-08-21,57,0,Mobile
A01642,V0126,M0001,2024-08-22,26,0,Desktop
A01643,V0492,M0153,2024-08-22,22,0,Mobile
A01644,V0448,M0173,2024-08-22,79,0,TV
A01645,V0458,M0177,2024-08-23,61,0,Mobile
A01646,V0069,M0126,2024-08-23,72,0,Mobile
A01647,V0265,M0089,2024-08-24,36,0,Mobile
A01648,V0258,M0144,2024-08-24,73,0,TV
A01649,V0418,M0147,2024-08-24,152,1,Desktop
A01650,V0188,M0151,2024-08-25,50,0,TV
A01651,V0230,M0025,2024-08-25,45,0,Mobile
A01652,V0189,M0016,2024-08-25,35,0,TV
A01653,V0415,M0182,2024-08-26,73,0,Mobile
A01654,V0010,M0073,2024-08-26,75,0,Mobile
A01655,V0114,M0129,2024-08-27,29,0,Desktop
A01656,V0076,M0042,2024-08-27,107,0,Mobile
A01657,V0164,M0147,2024-08-27,40,0,Tablet
A01658,V0085,M0162,2024-08-28,57,0,Mobile
A01659,V0049,M0080,2024-08-28,88,0,Tablet
A01660,V0495,M0104,2024-08-28,89,0,Desktop
A01661,V0326,M0183,2024-08-29,21,0,Desktop
A01662,V0496,M0146,2024-08-29,77,1,Mobile
A01663,V0177,M0034,2024-08-29,101,0,Mobile
A01664,V0387,M0089,2024-08-30,28,0,Tablet
A01665,V0458,M0125,2024-08-30,49,0,Mobile
A01666,V0389,M0045,2024-08-31,42,0,TV
A01667,V0494,M0134,2024-08-31,141,0,Tablet
A01668,V0218,M0021,2024-08-31,155,0,Mobile
A01669,V0189,M0122,2024-09-01,77,0,Desktop
A01670,V0469,M0070,2024-09-01,109,1,TV
A01671,V0493,M0096,2024-09-01,8,0,Mobile
A01672,V0346,M0105,2024-09-02,10,0,Mobile
A01673,V0230,M0048,2024-09-02,87,1,Desktop
A01674,V0255,M0039,2024-09-02,91,0,Mobile
A01675,V0236,M0031,2024-09-03,59,0,TV
A01676,V0026,M0010,2024-09-03,75,0,Mobile
A01677,V0072,M0030,2024-09-04,131,1,Tablet
A01678,V0261,M0018,2024-09-04,130,0,Mobile
A01679,V0254,M0188,2024-09-04,143,0,Desktop
A01680,V0271,M0088,2024-09-05,108,0,Desktop
A01681,V0123,M0125,2024-09-05,46,0,Mobile
A01682,V0144,M0073,2024-09-05,128,0,Mobile
A01683,V0257,M0015,2024-09-06,43,0,TV
A01684,V0144,M0004,2024-09-06,88,1,TV
A01685,V0421,M0191,2024-09-06,87,0,Mobile
A01686,V0259,M0168,2024-09-07,76,0,Desktop
A01687,V0436,M0009,2024-09-07,102,0,Mobile
A01688,V0047,M0109,2024-09-08,20,0,Mobile
A01689,V0351,M0137,2024-09-08,32,0,TV
A01690,V0013,M0154,2024-09-08,102,1,TV
A01691,V0376,M0132,2024-09-09,77,1,Mobile
A01692,V0208,M0016,2024-09-09,68,0,Tablet
A01693,V0311,M0143,2024-09-09,150,1,Mobile
A01694,V0235,M0099,2024-09-10,122,0,TV
A01695,V0149,M0121,2024-09-10,63,0,Desktop
A01696,V0322,M0052,2024-09-10,12,0,Desktop
A01697,V0438,M0069,2024-09-11,155,1,Desktop
A01698,V0155,M0005,2024-09-11,77,0,Mobile
A01699,V0166,M0020,2024-09-12,132,1,TV
A01700,V0090,M0079,2024-09-12,147,0,TV
A01701,V0186,M0146,2024-09-12,73,0,Mobile
A01702,V0318,M0111,2024-09-13,103,0,TV
A01703,V0358,M0002,2024-09-13,32,0,Mobile
A01704,V0174,M0093,2024-09-13,75,0,TV
A01705,V0217,M0013,2024-09-14,56,0,Mobile
A01706,V0395,M0004,2024-09-14,11,0,Mobile
A01707,V0456,M0170,2024-09-15,78,0,Mobile
A01708,V0264,M0109,2024-09-15,80,0,Desktop
A01709,V0097,M0074,2024-09-15,95,1,Desktop
A01710,V0117,M0189,2024-09-16,23,0,Mobile
A01711,V0199,M0095,2024-09-16,46,0,Mobile
A01712,V0320,M0105,2024-09-16,8,0,Mobile
A01713,V0486,M0008,2024-09-17,25,0,TV
A01714,V0021,M0067,2024-09-17,13,0,TV
A01715,V0200,M0191,2024-09-17,128,0,Mobile
A01716,V0371,M0110,2024-09-18,21,0,Mobile
A01717,V0447,M0009,2024-09-18,139,0,TV
A01718,V0341,M0117,2024-09-19,59,0,Mobile
A01719,V0448,M0011,2024-09-19,140,1,Mobile
A01720,V0248,M0099,2024-09-19,118,0,Mobile
A01721,V0276,M0042,2024-09-20,149,1,Desktop
A01722,V0264,M0141,2024-09-20,137,1,Desktop
A01723,V0058,M0164,2024-09-20,105,1,Desktop
A01724,V0302,M0120,2024-09-21,85,1,Mobile
A01725,V0031,M0141,2024-09-21,110,0,TV
A01726,V0498,M0012,2024-09-21,21,0,Mobile
A01727,V0249,M0037,2024-09-22,60,0,TV
A01728,V0093,M0074,2024-09-22,31,0,Desktop
A01729,V0496,M0073,2024-09-23,96,0,Desktop
A01730,V0265,M0052,2024-09-23,50,0,Mobile
A01731,V0271,M0199,2024-09-23,165,1,Mobile
A01732,V0094,M0130,2024-09-24,75,1,Desktop
A01733,V0154,M0056,2024-09-24,60,0,Desktop
A01734,V0394,M0060,2024-09-24,59,0,Mobile
A01735,V0285,M0023,2024-09-25,99,1,Tablet
A01736,V0080,M0103,2024-09-25,38,0,Tablet
A01737,V0292,M0040,2024-09-25,137,0,Desktop
A01738,V0084,M0064,2024-09-26,25,0,Tablet
A01739,V0365,M0085,2024-09-26,88,0,Mobile
A01740,V0374,M0151,2024-09-27,45,0,Mobile
A01741,V0037,M0157,2024-09-27,108,1,Mobile
A01742,V0342,M0179,2024-09-27,82,0,Desktop
A01743,V0327,M0197,2024-09-28,29,0,Mobile
A01744,V0407,M0089,2024-09-28,29,0,Tablet
A01745,V0425,M0031,2024-09-28,64,0,Mobile
A01746,V0232,M0178,2024-09-29,84,1,Mobile
A01747,V0093,M0020,2024-09-29,118,0,TV
A01748,V0336,M0183,2024-09-29,78,0,Mobile
A01749,V0102,M0130,2024-09-30,31,0,Mobile
A01750,V0412,M0153,2024-09-30,77,0,Desktop
A01751,V0432,M0013,2024-10-01,117,0,Mobile
A01752,V0166,M0122,2024-10-01,110,0,Mobile
A01753,V0159,M0103,2024-10-01,43,0,Mobile
A01754,V0014,M0106,2024-10-02,103,0,Desktop
A01755,V0373,M0119,2024-10-02,125,0,Tablet
A01756,V0225,M0070,2024-10-02,119,1,TV
A01757,V0073,M0195,2024-10-03,121,1,Mobile
A01758,V0249,M0186,2024-10-03,104,0,Mobile
A01759,V0091,M0099,2024-10-03,107,0,Desktop
A01760,V0216,M0082,2024-10-04,33,0,Tablet
A01761,V0461,M0075,2024-10-04,84,1,Mobile
A01762,V0090,M0118,2024-10-05,55,0,Mobile
A01763,V0029,M0084,2024-10-05,50,0,TV
A01764,V0435,M0192,2024-10-05,74,0,Tablet
A01765,V0305,M0069,2024-10-06,145,0,Mobile
A01766,V0427,M0059,2024-10-06,19,0,Mobile
A01767,V0476,M0188,2024-10-06,84,0,Mobile
A01768,V0220,M0126,2024-10-07,69,0,Mobile
A01769,V0328,M0111,2024-10-07,18,0,Desktop
A01770,V0215,M0062,2024-10-08,32,0,TV
A01771,V0221,M0144,2024-10-08,86,0,Desktop
A01772,V0389,M0128,2024-10-08,79,0,Mobile
A01773,V0042,M0105,2024-10-09,30,0,Mobile
A01774,V0135,M0068,2024-10-09,135,1,Mobile
A01775,V0042,M0015,2024-10-09,126,0,Mobile
A01776,V0164,M0183,2024-10-10,69,0,TV
A01777,V0361,M0035,2024-10-10,91,0,Mobile
A01778,V0283,M0183,2024-10-10,139,1,Mobile
A01779,V0058,M0014,2024-10-11,54,0,Mobile
A01780,V0302,M0177,2024-10-11,45,0,Desktop
A01781,V0322,M0102,2024-10-12,129,1,Desktop
A01782,V0025,M0100,2024-10-12,92,0,TV
A01783,V0073,M0007,2024-10-12,17,0,Mobile
A01784,V0373,M0030,2024-10-13,84,0,TV
A01785,V0411,M0049,2024-10-13,101,0,Mobile
A01786,V0129,M0144,2024-10-13,89,1,Mobile
A01787,V0087,M0111,2024-10-14,81,0,Tablet
A01788,V0330,M0179,2024-10-14,44,0,Mobile
A01789,V0426,M0072,2024-10-14,81,0,Desktop
A01790,V0436,M0080,2024-10-15,91,0,Mobile
A01791,V0153,M0083,2024-10-15,36,0,Desktop
A01792,V0182,M0042,2024-10-16,96,0,TV
A01793,V0125,M0017,2024-10-16,110,0,TV
A01794,V0067,M0191,2024-10-16,20,0,TV
A01795,V0006,M0173,2024-10-17,109,0,Desktop
A01796,V0125,M0007,2024-10-17,37,0,Mobile
A01797,V0314,M0155,2024-10-17,62,0,TV
A01798,V0326,M0010,2024-10-18,43,0,TV
A01799,V0053,M0034,2024-10-18,56,0,Mobile
A01800,V0066,M0036,2024-10-18,78,0,Desktop
A01801,V0314,M0153,2024-10-19,44,0,TV
A01802,V0082,M0006,2024-10-19,138,0,Desktop
A01803,V0087,M0152,2024-10-20,25,0,Mobile
A01804,V0002,M0146,2024-10-20,82,1,TV
A01805,V0204,M0134,2024-10-20,111,0,Mobile
A01806,V0150,M0029,2024-10-21,69,0,Mobile
A01807,V0293,M0126,2024-10-21,47,0,TV
A01808,V0404,M0153,2024-10-21,60,0,Mobile
A01809,V0103,M0183,2024-10-22,43,0,TV
A01810,V0024,M0081,2024-10-22,161,1,Mobile
A01811,V0368,M0174,2024-10-22,80,0,Mobile
A01812,V0212,M0152,2024-10-23,93,0,Mobile
A01813,V0065,M0075,2024-10-23,74,0,Tablet
A01814,V0449,M0026,2024-10-24,78,0,Desktop
A01815,V0209,M0127,2024-10-24,69,0,Mobile
A01816,V0251,M0115,2024-10-24,118,0,Mobile
A01817,V0385,M0126,2024-10-25,94,0,Mobile
A01818,V0117,M0028,2024-10-25,54,0,Desktop
A01819,V0116,M0131,2024-10-25,59,0,Mobile
A01820,V0237,M0075,2024-10-26,28,0,Desktop
A01821,V0478,M0166,2024-10-26,133,0,Desktop
A01822,V0105,M0189,2024-10-26,67,0,TV
A01823,V0495,M0078,2024-10-27,59,0,TV
A01824,V0259,M0179,2024-10-27,129,1,Desktop
A01825,V0046,M0090,2024-10-28,24,0,Mobile
A01826,V0311,M0176,2024-10-28,89,0,TV
A01827,V0331,M0021,2024-10-28,173,1,TV
A01828,V0216,M0054,2024-10-29,109,1,Mobile
A01829,V0470,M0184,2024-10-29,80,0,Tablet
A01830,V0448,M0103,2024-10-29,48,0,Mobile
A01831,V0492,M0059,2024-10-30,25,0,Mobile
A01832,V0301,M0072,2024-10-30,87,0,Mobile
A01833,V0410,M0179,2024-10-31,50,0,Tablet
A01834,V0333,M0020,2024-10-31,38,0,Desktop
A01835,V0449,M0112,2024-10-31,102,0,TV
A01836,V0024,M0059,2024-11-01,31,0,Mobile
A01837,V0458,M0071,2024-11-01,75,1,Desktop
A01838,V0035,M0137,2024-11-01,77,0,Mobile
A01839,V0024,M0109,2024-11-02,95,0,TV
A01840,V0028,M0129,2024-11-02,87,0,Mobile
A01841,V0484,M0157,2024-11-02,107,1,Mobile
A01842,V0464,M0191,2024-11-03,141,0,Mobile
A01843,V0488,M0200,2024-11-03,116,0,TV
A01844,V0016,M0056,2024-11-04,47,0,Desktop
A01845,V0059,M0196,2024-11-04,142,1,Desktop
A01846,V0465,M0035,2024-11-04,101,0,Desktop
A01847,V0243,M0123,2024-11-05,50,0,Tablet
A01848,V0438,M0131,2024-11-05,17,0,TV
A01849,V0207,M0104,2024-11-05,79,0,TV
A01850,V0400,M0007,2024-11-06,12,0,Mobile
A01851,V0271,M0027,2024-11-06,124,1,Mobile
A01852,V0249,M0001,2024-11-06,160,1,Tablet
A01853,V0482,M0199,2024-11-07,50,0,Desktop
A01854,V0267,M0172,2024-11-07,59,0,Mobile
A01855,V0193,M0087,2024-11-08,31,0,Desktop
A01856,V0335,M0041,2024-11-08,132,0,Tablet
A01857,V0218,M0123,2024-11-08,39,0,Mobile
A01858,V0115,M0075,2024-11-09,69,0,Desktop
A01859,V0068,M0042,2024-11-09,67,0,TV
A01860,V0299,M0117,2024-11-09,41,0,Desktop
A01861,V0325,M0161,2024-11-10,66,0,Mobile
A01862,V0483,M0178,2024-11-10,17,0,Tablet
A01863,V0397,M0063,2024-11-10,101,0,Tablet
A01864,V0394,M0165,2024-11-11,21,0,TV
A01865,V0075,M0187,2024-11-11,51,0,TV
A01866,V0466,M0127,2024-11-12,82,1,Mobile
A01867,V0482,M0176,2024-11-12,88,0,Tablet
A01868,V0103,M0133,2024-11-12,84,1,Mobile
A01869,V0297,M0048,2024-11-13,88,1,TV
A01870,V0490,M0003,2024-11-13,26,0,Tablet
A01871,V0178,M0116,2024-11-13,33,0,Desktop
A01872,V0215,M0175,2024-11-14,76,0,TV
A01873,V0455,M0190,2024-11-14,130,1,TV
A01874,V0315,M0099,2024-11-14,136,1,Mobile
A01875,V0039,M0116,2024-11-15,21,0,TV
A01876,V0259,M0014,2024-11-15,44,0,Mobile
A01877,V0204,M0191,2024-11-16,49,0,Desktop
A01878,V0007,M0112,2024-11-16,98,0,Mobile
A01879,V0049,M0061,2024-11-16,78,0,Desktop
A01880,V0026,M0159,2024-11-17,29,0,TV
A01881,V0161,M0095,2024-11-17,41,0,Tablet
A01882,V0357,M0017,2024-11-17,94,0,Mobile
A01883,V0176,M0124,2024-11-18,101,0,Desktop
A01884,V0079,M0024,2024-11-18,15,0,Desktop
A01885,V0002,M0116,2024-11-19,140,1,Tablet
A01886,V0489,M0151,2024-11-19,84,0,Desktop
A01887,V0383,M0082,2024-11-19,81,0,TV
A01888,V0455,M0050,2024-11-20,70,0,Tablet
A01889,V0416,M0079,2024-11-20,46,0,Mobile
A01890,V0132,M0079,2024-11-20,33,0,Tablet
A01891,V0276,M0070,2024-11-21,93,0,Tablet
A01892,V0498,M0027,2024-11-21,31,0,Tablet
A01893,V0117,M0015,2024-11-21,137,1,Mobile
A01894,V0164,M0050,2024-11-22,63,0,Desktop
A01895,V0288,M0036,2024-11-22,79,0,TV
A01896,V0028,M0008,2024-11-23,51,0,Mobile
A01897,V0333,M0079,2024-11-23,66,0,Desktop
A01898,V0001,M0131,2024-11-23,94,0,Mobile
A01899,V0188,M0190,2024-11-24,17,0,Mobile
A01900,V0056,M0047,2024-11-24,104,0,Desktop
A01901,V0035,M0105,2024-11-24,71,0,Desktop
A01902,V0112,M0098,2024-11-25,82,0,Mobile
A01903,V0286,M0096,2024-11-25,63,0,Desktop
A01904,V0310,M0189,2024-11-25,26,0,Desktop
A01905,V0036,M0160,2024-11-26,41,0,TV
A01906,V0439,M0116,2024-11-26,149,1,Desktop
A01907,V0217,M0013,2024-11-27,145,1,Desktop
A01908,V0080,M0001,2024-11-27,93,0,Desktop
A01909,V0314,M0034,2024-11-27,130,1,Mobile
A01910,V0083,M0190,2024-11-28,81,0,Desktop
A01911,V0065,M0079,2024-11-28,62,0,Desktop
A01912,V0325,M0078,2024-11-28,39,0,Desktop
A01913,V0128,M0121,2024-11-29,92,1,Mobile
A01914,V0307,M0093,2024-11-29,47,0,TV
A01915,V0022,M0098,2024-11-29,108,0,Mobile
A01916,V0216,M0082,2024-11-30,58,0,Tablet
A01917,V0107,M0199,2024-11-30,143,0,Mobile
A01918,V0109,M0159,2024-12-01,79,0,Tablet
A01919,V0372,M0192,2024-12-01,57,0,Desktop
A01920,V0357,M0153,2024-12-01,32,0,Desktop
A01921,V0181,M0038,2024-12-02,54,0,Mobile
A01922,V0356,M0014,2024-12-02,79,0,Mobile
A01923,V0164,M0136,2024-12-02,95,0,Mobile
A01924,V0068,M0091,2024-12-03,117,0,Mobile
A01925,V0292,M0054,2024-12-03,27,0,TV
A01926,V0180,M0130,2024-12-03,70,1,Mobile
A01927,V0181,M0101,2024-12-04,64,0,TV
A01928,V0466,M0089,2024-12-04,20,0,Mobile
A01929,V0434,M0056,2024-12-05,66,0,Tablet
A01930,V0464,M0094,2024-12-05,101,0,Desktop
A01931,V0169,M0093,2024-12-05,170,1,Mobile
A01932,V0402,M0084,2024-12-06,49,0,Desktop
A01933,V0022,M0085,2024-12-06,92,0,Mobile
A01934,V0066,M0189,2024-12-06,19,0,Mobile
A01935,V0021,M0022,2024-12-07,11,0,Desktop
A01936,V0100,M0035,2024-12-07,71,0,TV
A01937,V0384,M0016,2024-12-07,128,0,Tablet
A01938,V0300,M0050,2024-12-08,69,0,Desktop
A01939,V0103,M0122,2024-12-08,55,0,Tablet
A01940,V0047,M0128,2024-12-09,9,0,Tablet
A01941,V0039,M0113,2024-12-09,52,0,TV
A01942,V0285,M0171,2024-12-09,12,0,Desktop
A01943,V0310,M0017,2024-12-10,23,0,Mobile
A01944,V0090,M0080,2024-12-10,60,0,Mobile
A01945,V0085,M0186,2024-12-10,63,0,Desktop
A01946,V0273,M0130,2024-12-11,27,0,Desktop
A01947,V0336,M0132,2024-12-11,50,0,Mobile
A01948,V0188,M0085,2024-12-12,18,0,Desktop
A01949,V0159,M0167,2024-12-12,39,0,Mobile
A01950,V0243,M0094,2024-12-12,85,0,TV
A01951,V0073,M0134,2024-12-13,37,0,Mobile
A01952,V0479,M0081,2024-12-13,116,0,Desktop
A01953,V0462,M0069,2024-12-13,24,0,TV
A01954,V0049,M0069,2024-12-14,79,0,Mobile
A01955,V0101,M0148,2024-12-14,29,0,Desktop
A01956,V0002,M0192,2024-12-14,32,0,TV
A01957,V0244,M0016,2024-12-15,107,0,Mobile
A01958,V0176,M0051,2024-12-15,117,1,Mobile
A01959,V0238,M0105,2024-12-16,12,0,Mobile
A01960,V0398,M0165,2024-12-16,79,0,Desktop
A01961,V0059,M0197,2024-12-16,82,0,Desktop
A01962,V0353,M0170,2024-12-17,64,0,Mobile
A01963,V0099,M0185,2024-12-17,147,0,Desktop
A01964,V0442,M0066,2024-12-17,43,0,Mobile
A01965,V0359,M0009,2024-12-18,179,1,TV
A01966,V0442,M0107,2024-12-18,54,0,Mobile
A01967,V0495,M0100,2024-12-18,58,0,TV
A01968,V0435,M0086,2024-12-19,80,1,Desktop
A01969,V0468,M0064,2024-12-19,52,0,TV
A01970,V0002,M0022,2024-12-20,50,0,Desktop
A01971,V0243,M0162,2024-12-20,71,0,Desktop
A01972,V0297,M0183,2024-12-20,90,0,Mobile
A01973,V0211,M0157,2024-12-21,29,0,TV
A01974,V0123,M0166,2024-12-21,111,0,Desktop
A01975,V0229,M0110,2024-12-21,26,0,Desktop
A01976,V0082,M0097,2024-12-22,130,0,Desktop
A01977,V0144,M0018,2024-12-22,157,1,TV
A01978,V0388,M0071,2024-12-22,35,0,TV
A01979,V0140,M0193,2024-12-23,69,0,Mobile
A01980,V0029,M0127,2024-12-23,12,0,TV
A01981,V0391,M0097,2024-12-24,17,0,Desktop
A01982,V0270,M0001,2024-12-24,156,1,Tablet
A01983,V0247,M0132,2024-12-24,17,0,TV
A01984,V0012,M0004,2024-12-25,48,0,Desktop
A01985,V0355,M0125,2024-12-25,156,0,Mobile
A01986,V0389,M0082,2024-12-25,87,1,TV
A01987,V0337,M0027,2024-12-26,75,0,Desktop
A01988,V0106,M0171,2024-12-26,69,0,Tablet
A01989,V0032,M0059,2024-12-26,58,0,Mobile
A01990,V0074,M0032,2024-12-27,127,1,Mobile
A01991,V0171,M0161,2024-12-27,92,0,Mobile
A01992,V0337,M0028,2024-12-28,61,0,Desktop
A01993,V0069,M0106,2024-12-28,15,0,Tablet
A01994,V0301,M0105,2024-12-28,14,0,Mobile
A01995,V0362,M0183,2024-12-29,90,0,TV
A01996,V0137,M0188,2024-12-29,157,1,TV
A01997,V0433,M0070,2024-12-29,109,1,TV
A01998,V0417,M0062,2024-12-30,112,1,Mobile
A01999,V0484,M0034,2024-12-30,79,0,TV
A02000,V0100,M0087,2024-12-31,140,0,Mobile
